,actual,predicted
0,1,0
1,0,1
2,1,0
3,0,1
4,1,0
5,0,1
6,1,0
7,0,1
8,1,0
9,0,1
10,0,0
11,1,0
12,0,1
13,1,0
14,0,1
15,1,0
16,0,1
17,1,0
18,0,1
19,1,0
20,1,1
21,0,1
22,1,0
23,0,1
24,1,0
25,0,1
26,1,0
27,1,1
28,0,1
29,1,0
30,0,1
31,1,0
32,0,1
33,1,0
34,0,1
35,1,0
36,0,1
37,1,0
38,0,1
39,1,0
40,0,1
41,1,0
42,0,1
43,1,0
44,0,1
45,1,0
46,0,1
47,1,0
48,0,1
49,1,0
50,0,1
51,1,0
52,0,1
53,1,0
54,0,1
55,1,0
56,0,1
57,1,0
58,0,1
59,1,0
60,0,1
61,1,0
62,0,1
63,1,0
64,0,1
65,1,0
66,0,1
67,1,0
68,0,1
69,1,0
70,0,1
71,1,0
72,0,1
73,1,0
74,0,1
75,1,0
76,0,1
77,1,0
78,1,1
79,0,1
80,0,0
81,1,0
82,0,1
83,1,0
84,0,1
85,1,0
86,0,1
87,1,0
88,0,1
89,1,0
90,0,1
91,1,0
92,0,1
93,1,0
94,0,1
95,1,0
96,0,1
97,1,0
98,0,1
99,1,0
100,0,1
101,1,0
102,0,1
103,1,0
104,0,1
105,1,0
106,0,1
107,1,0
108,0,1
109,1,0
110,0,1
111,1,0
112,0,1
113,1,0
114,0,1
115,1,0
116,0,1
117,1,0
118,0,1
119,1,0
120,0,1
121,1,0
122,1,1
123,0,1
124,1,0
125,0,1
126,1,0
127,0,1
128,1,0
129,0,1
130,1,0
131,0,1
132,1,0
133,0,1
134,1,0
135,0,1
136,1,0
137,0,1
138,1,0
139,0,1
140,1,0
141,0,1
142,1,0
143,0,1
144,1,0
145,0,1
146,1,0
147,0,1
148,1,0
149,0,1
150,1,0
151,0,1
152,1,0
153,0,1
154,1,0
155,0,1
156,1,0
157,0,1
158,1,0
159,0,1
160,1,0
161,0,1
162,1,0
163,0,1
164,1,0
165,1,1
166,0,1
167,1,0
168,0,1
169,1,0
170,0,1
171,1,0
172,0,1
173,1,0
174,0,1
175,1,0
176,0,1
177,1,0
178,0,1
179,1,0
180,0,1
181,1,0
182,0,1
183,1,0
184,0,1
185,1,0
186,0,1
187,1,0
188,0,1
189,1,0
190,0,1
191,1,0
192,0,1
193,1,0
194,0,1
195,1,0
196,0,1
197,1,0
198,0,1
199,1,0
200,1,1
201,0,1
202,1,0
203,0,1
204,1,0
205,0,1
206,1,0
207,0,1
208,1,0
209,0,1
210,1,0
211,0,1
212,0,0
213,1,0
214,0,1
215,1,0
216,0,1
217,1,0
218,0,1
219,1,0
220,0,1
221,1,0
222,0,1
223,1,0
224,0,1
225,1,0
226,0,1
227,1,0
228,0,1
229,1,0
230,0,1
231,0,0
232,1,0
233,0,1
234,1,0
235,0,1
236,1,0
237,0,1
238,1,0
239,0,1
240,1,0
241,0,1
242,1,0
243,1,1
244,0,1
245,1,0
246,0,1
247,1,0
248,0,1
249,1,0
250,0,1
251,1,0
252,0,1
253,1,0
254,0,1
255,1,0
256,0,1
257,1,0
258,0,1
259,1,0
260,0,1
261,1,0
262,0,1
263,1,0
264,0,1
265,1,0
266,0,1
267,1,0
268,0,1
269,1,0
270,0,1
271,1,0
272,0,1
273,1,0
274,1,1
275,0,1
276,1,0
277,0,1
278,1,0
279,0,1
280,1,0
281,0,1
282,1,0
283,0,1
284,1,0
285,0,1
286,1,0
287,0,1
288,1,0
289,0,1
290,1,0
291,0,1
292,1,0
293,0,1
294,0,0
295,0,0
296,1,0
297,0,1
298,1,0
299,0,1
300,1,0
301,0,1
302,1,0
303,0,1
304,1,0
305,0,1
306,1,0
307,0,1
308,1,0
309,0,1
310,1,0
311,0,1
312,1,0
313,0,1
314,1,0
315,0,1
316,1,0
317,0,1
318,1,0
319,0,1
320,1,0
321,0,1
322,1,0
323,0,1
324,1,0
325,1,1
326,0,1
327,0,0
328,1,0
329,0,1
330,1,0
331,0,1
332,1,0
333,0,1
334,1,0
335,0,1
336,1,0
337,0,1
338,1,0
339,0,1
340,1,0
341,0,1
342,1,0
343,0,1
344,1,0
345,0,1
346,1,0
347,0,1
348,1,0
349,0,1
350,1,0
351,0,1
352,1,0
353,0,1
354,1,0
355,0,1
356,1,0
357,0,1
358,1,0
359,0,1
360,0,0
361,1,0
362,0,1
363,1,0
364,0,1
365,0,0
366,1,0
367,0,1
368,1,0
369,0,1
370,1,0
371,0,1
372,1,0
373,0,1
374,1,0
375,0,1
376,1,0
377,0,1
378,1,0
379,0,1
380,1,0
381,0,1
382,1,0
383,0,1
384,1,0
385,0,1
386,1,0
387,0,1
388,1,0
389,0,1
390,1,0
391,0,1
392,1,0
393,0,1
394,1,0
395,0,1
396,1,0
397,0,1
398,1,0
399,0,1
400,1,0
401,0,1
402,1,0
403,0,1
404,1,0
405,0,1
406,1,0
407,0,1
408,1,0
409,0,1
410,1,0
411,0,1
412,1,0
413,0,1
414,1,0
415,1,1
416,0,1
417,0,0
418,0,0
419,1,0
420,0,1
421,0,0
422,1,0
423,0,1
424,1,0
425,0,1
426,1,0
427,1,1
428,0,1
429,1,0
430,0,1
431,1,0
432,1,1
433,0,1
434,1,0
435,0,1
436,1,0
437,0,1
438,1,0
439,0,1
440,1,0
441,0,1
442,1,0
443,0,1
444,1,0
445,0,1
446,1,0
447,0,1
448,1,0
449,0,1
450,1,0
451,1,1
452,0,1
453,1,0
454,0,1
455,1,0
456,0,1
457,1,0
458,0,1
459,1,0
460,1,1
461,0,1
462,1,0
463,0,1
464,1,0
465,0,1
466,1,0
467,0,1
468,1,0
469,0,1
470,1,0
471,1,1
472,0,1
473,1,0
474,0,1
475,1,0
476,0,1
477,1,0
478,0,1
479,1,0
480,0,1
481,1,0
482,0,1
483,1,0
484,0,1
485,1,0
486,0,1
487,1,0
488,0,1
489,1,0
490,0,1
491,1,0
492,0,1
493,1,0
494,0,1
495,1,0
496,0,1
497,1,0
498,1,1
499,0,1
500,1,0
501,0,1
502,1,0
503,1,1
504,0,1
505,1,0
506,0,1
507,1,0
508,0,1
509,1,0
510,0,1
511,1,0
512,0,1
513,1,0
514,0,1
515,1,0
516,0,1
517,1,0
518,0,1
519,1,0
520,0,1
521,1,0
522,0,1
523,1,0
524,0,1
525,1,0
526,0,1
527,1,0
528,0,1
529,1,0
530,0,1
531,1,0
532,0,1
533,0,0
534,1,0
535,0,1
536,1,0
537,0,1
538,1,0
539,0,1
540,1,0
541,0,1
542,1,0
543,0,1
544,1,0
545,0,1
546,1,0
547,0,1
548,1,0
549,0,1
550,1,0
551,0,1
552,1,0
553,0,1
554,1,0
555,1,1
556,0,1
557,1,0
558,0,1
559,1,0
560,0,1
561,1,0
562,0,1
563,1,0
564,0,1
565,1,0
566,0,1
567,1,0
568,0,1
569,1,0
570,0,1
571,1,0
572,0,1
573,1,0
574,0,1
575,1,0
576,1,1
577,0,1
578,1,0
579,0,1
580,1,0
581,0,1
582,1,0
583,0,1
584,1,0
585,0,1
586,1,0
587,0,1
588,1,0
589,0,1
590,1,0
591,0,1
592,1,0
593,0,1
594,1,0
595,0,1
596,1,0
597,0,1
598,1,0
599,0,1
600,1,0
601,0,1
602,1,0
603,0,1
604,0,0
605,1,0
606,0,1
607,1,0
608,0,1
609,1,0
610,0,1
611,0,0
612,1,0
613,0,1
614,1,0
615,0,1
616,1,0
617,0,1
618,1,0
619,0,1
620,1,0
621,0,1
622,1,0
623,0,1
624,1,0
625,1,1
626,0,1
627,1,0
628,0,1
629,1,0
630,0,1
631,1,0
632,0,1
633,1,0
634,0,1
635,1,0
636,1,1
637,0,1
638,1,0
639,0,1
640,1,0
641,0,1
642,1,0
643,0,1
644,0,0
645,1,0
646,1,1
647,0,1
648,1,0
649,0,1
650,1,0
651,0,1
652,1,0
653,0,1
654,1,0
655,0,1
656,1,0
657,0,1
658,1,0
659,0,1
660,1,0
661,0,1
662,1,0
663,0,1
664,1,0
665,0,1
666,1,0
667,0,1
668,1,0
669,0,1
670,1,0
671,0,1
672,1,0
673,0,1
674,1,0
675,0,1
676,1,0
677,0,1
678,1,0
679,0,1
680,1,0
681,0,1
682,0,0
683,1,0
684,0,1
685,0,0
686,1,0
687,0,1
688,1,0
689,0,1
690,1,0
691,0,1
692,0,0
693,1,0
694,1,1
695,0,1
696,1,0
697,0,1
698,1,0
699,0,1
700,1,0
701,1,1
702,0,1
703,0,0
704,1,0
705,0,1
706,1,0
707,0,1
708,0,0
709,1,0
710,0,1
711,1,0
712,0,1
713,1,0
714,0,1
715,1,0
716,0,1
717,1,0
718,0,1
719,0,0
720,1,0
721,0,1
722,1,0
723,0,1
724,1,0
725,0,1
726,1,0
727,0,1
728,1,0
729,0,1
730,1,0
731,0,1
732,1,0
733,1,1
734,0,1
735,1,0
736,1,1
737,0,1
738,1,0
739,0,1
740,1,0
741,0,1
742,1,0
743,0,1
744,1,0
745,0,1
746,1,0
747,0,1
748,1,0
749,0,1
750,1,0
751,0,1
752,1,0
753,0,1
754,1,0
755,0,1
756,1,0
757,0,1
758,1,0
759,0,1
760,1,0
761,0,1
762,1,0
763,0,1
764,1,0
765,1,1
766,0,1
767,1,0
768,0,1
769,1,0
770,0,1
771,1,0
772,0,1
773,1,0
774,0,1
775,1,0
776,0,1
777,1,0
778,0,1
779,1,0
780,0,1
781,1,0
782,1,1
783,0,1
784,1,0
785,0,1
786,1,0
787,0,1
788,1,0
789,1,1
790,0,1
791,1,0
792,0,1
793,1,0
794,0,1
795,1,0
796,0,1
797,1,0
798,1,1
799,0,1
800,1,0
801,0,1
802,1,0
803,1,1
804,0,1
805,1,0
806,0,1
807,1,0
808,0,1
809,1,0
810,0,1
811,1,0
812,0,1
813,1,0
814,0,1
815,1,0
816,0,1
817,0,0
818,0,0
819,1,0
820,0,1
821,1,0
822,0,1
823,1,0
824,0,1
825,1,0
826,0,1
827,1,0
828,0,1
829,0,0
830,1,0
831,0,1
832,1,0
833,0,1
834,1,0
835,0,1
836,1,0
837,0,1
838,1,0
839,0,1
840,1,0
841,0,1
842,1,0
843,1,1
844,0,1
845,1,0
846,0,1
847,1,0
848,0,1
849,1,0
850,0,1
851,1,0
852,0,1
853,1,0
854,0,1
855,1,0
856,0,1
857,0,0
858,0,0
859,1,0
860,0,1
861,1,0
862,1,1
863,0,1
864,1,0
865,0,1
866,1,0
867,0,1
868,1,0
869,0,1
870,1,0
871,0,1
872,1,0
873,0,1
874,1,0
875,0,1
876,1,0
877,0,1
878,1,0
879,0,1
880,1,0
881,0,1
882,1,0
883,0,1
884,1,0
885,0,1
886,1,0
887,0,1
888,1,0
889,0,1
890,1,0
891,0,1
892,1,0
893,0,1
894,1,0
895,0,1
896,1,0
897,0,1
898,1,0
899,0,1
900,1,0
901,0,1
902,0,0
903,1,0
904,0,1
905,1,0
906,1,1
907,0,1
908,1,0
909,0,1
910,1,0
911,0,1
912,1,0
913,1,1
914,0,1
915,1,0
916,0,1
917,1,0
918,0,1
919,1,0
920,0,1
921,1,0
922,0,1
923,1,0
924,0,1
925,1,0
926,0,1
927,1,0
928,0,1
929,1,0
930,0,1
931,1,0
932,0,1
933,1,0
934,0,1
935,1,0
936,0,1
937,1,0
938,1,1
939,0,1
940,1,0
941,0,1
942,1,0
943,0,1
944,1,0
945,0,1
946,1,0
947,0,1
948,1,0
949,0,1
950,1,0
951,0,1
952,1,0
953,0,1
954,1,0
955,0,1
956,1,0
957,0,1
958,1,0
959,0,1
960,1,0
961,0,1
962,1,0
963,1,1
964,0,1
965,1,0
966,0,1
967,1,0
968,0,1
969,1,0
970,0,1
971,1,0
972,0,1
973,1,0
974,0,1
975,0,0
976,1,0
977,0,1
978,1,0
979,1,1
980,0,1
981,1,0
982,0,1
983,1,0
984,0,1
985,1,0
986,0,1
987,1,0
988,0,1
989,1,0
990,0,1
991,1,0
992,0,1
993,1,0
994,0,1
995,1,0
996,0,1
997,1,0
998,0,1
999,1,0
1000,0,1
1001,1,0
1002,0,1
1003,1,0
1004,0,1
1005,1,0
1006,0,1
1007,0,0
1008,1,0
1009,0,1
1010,1,0
1011,0,1
1012,1,0
1013,0,1
1014,1,0
1015,0,1
1016,1,0
1017,0,1
1018,1,0
1019,0,1
1020,1,0
1021,0,1
1022,1,0
1023,0,1
1024,1,0
1025,0,1
1026,1,0
1027,0,1
1028,1,0
1029,0,1
1030,1,0
1031,0,1
1032,1,0
1033,0,1
1034,1,0
1035,0,1
1036,1,0
1037,1,1
1038,0,1
1039,1,0
1040,0,1
1041,1,0
1042,0,1
1043,1,0
1044,0,1
1045,1,0
1046,0,1
1047,1,0
1048,0,1
1049,1,0
1050,0,1
1051,1,0
1052,0,1
1053,1,0
1054,0,1
1055,1,0
1056,0,1
1057,1,0
1058,0,1
1059,1,0
1060,0,1
1061,1,0
1062,0,1
1063,1,0
1064,0,1
1065,1,0
1066,0,1
1067,1,0
1068,0,1
1069,1,0
1070,0,1
1071,1,0
1072,0,1
1073,1,0
1074,0,1
1075,1,0
1076,0,1
1077,1,0
1078,0,1
1079,1,0
1080,0,1
1081,1,0
1082,0,1
1083,1,0
1084,0,1
1085,1,0
1086,0,1
1087,0,0
1088,1,0
1089,0,1
1090,1,0
1091,1,1
1092,0,1
1093,1,0
1094,0,1
1095,1,0
1096,1,1
1097,0,1
1098,0,0
1099,1,0
1100,0,1
1101,1,0
1102,0,1
1103,1,0
1104,0,1
1105,1,0
1106,0,1
1107,0,0
1108,1,0
1109,0,1
1110,1,0
1111,0,1
1112,1,0
1113,0,1
1114,1,0
1115,0,1
1116,1,0
1117,0,1
1118,1,0
1119,0,1
1120,1,0
1121,0,1
1122,1,0
1123,0,1
1124,1,0
1125,0,1
1126,1,0
1127,0,1
1128,1,0
1129,0,1
1130,1,0
1131,0,1
1132,1,0
1133,0,1
1134,1,0
1135,0,1
1136,1,0
1137,0,1
1138,1,0
1139,0,1
1140,1,0
1141,0,1
1142,1,0
1143,0,1
1144,1,0
1145,0,1
1146,1,0
1147,0,1
1148,1,0
1149,0,1
1150,1,0
1151,0,1
1152,1,0
1153,0,1
1154,1,0
1155,0,1
1156,1,0
1157,0,1
1158,1,0
1159,0,1
1160,1,0
1161,0,1
1162,1,0
1163,0,1
1164,1,0
1165,0,1
1166,1,0
1167,0,1
1168,1,0
1169,0,1
1170,1,0
1171,0,1
1172,1,0
1173,0,1
1174,1,0
1175,0,1
1176,1,0
1177,0,1
1178,1,0
1179,0,1
1180,1,0
1181,0,1
1182,1,0
1183,0,1
1184,1,0
1185,0,1
1186,1,0
1187,0,1
1188,1,0
1189,0,1
1190,1,0
1191,0,1
1192,1,0
1193,0,1
1194,1,0
1195,0,1
1196,1,0
1197,0,1
1198,1,0
1199,0,1
1200,1,0
1201,0,1
1202,1,0
1203,0,1
1204,1,0
1205,0,1
1206,1,0
1207,0,1
1208,1,0
1209,0,1
1210,1,0
1211,0,1
1212,1,0
1213,0,1
1214,1,0
1215,0,1
1216,1,0
1217,0,1
1218,1,0
1219,0,1
1220,1,0
1221,0,1
1222,1,0
1223,0,1
1224,1,0
1225,0,1
1226,1,0
1227,0,1
1228,1,0
1229,0,1
1230,1,0
1231,0,1
1232,1,0
1233,0,1
1234,1,0
1235,0,1
1236,1,0
1237,1,1
1238,0,1
1239,1,0
1240,0,1
1241,1,0
1242,0,1
1243,1,0
1244,0,1
1245,1,0
1246,0,1
1247,1,0
1248,0,1
1249,1,0
1250,0,1
1251,1,0
1252,0,1
1253,1,0
1254,0,1
1255,1,0
1256,0,1
1257,1,0
1258,0,1
1259,1,0
1260,0,1
1261,1,0
1262,0,1
1263,0,0
1264,1,0
1265,0,1
1266,1,0
1267,0,1
1268,1,0
1269,0,1
1270,1,0
1271,0,1
1272,1,0
1273,0,1
1274,1,0
1275,0,1
1276,1,0
1277,0,1
1278,1,0
1279,0,1
1280,1,0
1281,0,1
1282,1,0
1283,0,1
1284,1,0
1285,0,1
1286,1,0
1287,0,1
1288,1,0
1289,0,1
1290,1,0
1291,0,1
1292,1,0
1293,0,1
1294,1,0
1295,0,1
1296,1,0
1297,0,1
1298,1,0
1299,0,1
1300,1,0
1301,1,1
1302,0,1
1303,1,0
1304,0,1
1305,1,0
1306,0,1
1307,1,0
1308,0,1
1309,1,0
1310,0,1
1311,1,0
1312,0,1
1313,0,0
1314,1,0
1315,0,1
1316,1,0
1317,0,1
1318,1,0
1319,0,1
1320,1,0
1321,0,1
1322,1,0
1323,0,1
1324,1,0
1325,0,1
1326,1,0
1327,0,1
1328,1,0
1329,0,1
1330,1,0
1331,0,1
1332,1,0
1333,0,1
1334,1,0
1335,0,1
1336,1,0
1337,0,1
1338,1,0
1339,0,1
1340,1,0
1341,0,1
1342,1,0
1343,0,1
1344,1,0
1345,0,1
1346,1,0
1347,0,1
1348,1,0
1349,0,1
1350,1,0
1351,0,1
1352,1,0
1353,0,1
1354,1,0
1355,0,1
1356,1,0
1357,0,1
1358,1,0
1359,0,1
1360,1,0
1361,0,1
1362,1,0
1363,0,1
1364,1,0
1365,0,1
1366,1,0
1367,0,1
1368,1,0
1369,0,1
1370,1,0
1371,0,1
1372,1,0
1373,0,1
1374,1,0
1375,0,1
1376,1,0
1377,0,1
1378,1,0
1379,0,1
1380,1,0
1381,0,1
1382,0,0
1383,1,0
1384,0,1
1385,1,0
1386,0,1
1387,1,0
1388,0,1
1389,1,0
1390,0,1
1391,1,0
1392,0,1
1393,1,0
1394,0,1
1395,1,0
1396,0,1
1397,1,0
1398,0,1
1399,1,0
1400,0,1
1401,1,0
1402,1,1
1403,0,1
1404,1,0
1405,0,1
1406,1,0
1407,1,1
1408,0,1
1409,0,0
1410,1,0
1411,0,1
1412,0,0
1413,1,0
1414,0,1
1415,1,0
1416,0,1
1417,1,0
1418,0,1
1419,0,0
1420,1,0
1421,0,1
1422,1,0
1423,0,1
1424,1,0
1425,0,1
1426,1,0
1427,0,1
1428,1,0
1429,0,1
1430,1,0
1431,1,1
1432,0,1
1433,1,0
1434,0,1
1435,1,0
1436,0,1
1437,1,0
1438,0,1
1439,1,0
1440,0,1
1441,1,0
1442,0,1
1443,1,0
1444,1,1
1445,0,1
1446,1,0
1447,0,1
1448,1,0
1449,0,1
1450,1,0
1451,0,1
1452,1,0
1453,0,1
1454,1,0
1455,0,1
1456,1,0
1457,0,1
1458,1,0
1459,0,1
1460,1,0
1461,0,1
1462,1,0
1463,0,1
1464,1,0
1465,0,1
1466,1,0
1467,0,1
1468,1,0
1469,0,1
1470,0,0
1471,1,0
1472,0,1
1473,1,0
1474,0,1
1475,1,0
1476,1,1
1477,0,1
1478,1,0
1479,0,1
1480,1,0
1481,0,1
1482,1,0
1483,0,1
1484,1,0
1485,0,1
1486,1,0
1487,0,1
1488,0,0
1489,1,0
1490,0,1
1491,1,0
1492,0,1
1493,1,0
1494,0,1
1495,1,0
1496,0,1
1497,1,0
1498,0,1
1499,1,0
1500,0,1
1501,1,0
1502,1,1
1503,0,1
1504,1,0
1505,0,1
1506,1,0
1507,0,1
1508,1,0
1509,0,1
1510,1,0
1511,0,1
1512,1,0
1513,0,1
1514,1,0
1515,0,1
1516,1,0
1517,0,1
1518,1,0
1519,0,1
1520,1,0
1521,0,1
1522,1,0
1523,0,1
1524,1,0
1525,0,1
1526,1,0
1527,0,1
1528,1,0
1529,0,1
1530,1,0
1531,0,1
1532,1,0
1533,0,1
1534,1,0
1535,0,1
1536,1,0
1537,0,1
1538,1,0
1539,0,1
1540,1,0
1541,0,1
1542,1,0
1543,0,1
1544,1,0
1545,0,1
1546,1,0
1547,0,1
1548,1,0
1549,0,1
1550,1,0
1551,0,1
1552,1,0
1553,0,1
1554,1,0
1555,0,1
1556,1,0
1557,0,1
1558,1,0
1559,0,1
1560,1,0
1561,0,1
1562,1,0
1563,0,1
1564,1,0
1565,0,1
1566,1,0
1567,0,1
1568,1,0
1569,0,1
1570,1,0
1571,0,1
1572,1,0
1573,1,1
1574,0,1
1575,1,0
1576,0,1
1577,1,0
1578,0,1
1579,1,0
1580,0,1
1581,1,0
1582,0,1
1583,1,0
1584,0,1
1585,1,0
1586,0,1
1587,1,0
1588,0,1
1589,1,0
1590,1,1
1591,0,1
1592,1,0
1593,0,1
1594,1,0
1595,0,1
1596,1,0
1597,0,1
1598,1,0
1599,0,1
1600,1,0
1601,0,1
1602,1,0
1603,0,1
1604,1,0
1605,0,1
1606,1,0
1607,0,1
1608,1,0
1609,1,1
1610,0,1
1611,1,0
1612,0,1
1613,1,0
1614,0,1
1615,1,0
1616,0,1
1617,1,0
1618,0,1
1619,1,0
1620,0,1
1621,1,0
1622,0,1
1623,1,0
1624,0,1
1625,1,0
1626,0,1
1627,1,0
1628,0,1
1629,1,0
1630,0,1
1631,1,0
1632,0,1
1633,1,0
1634,0,1
1635,1,0
1636,0,1
1637,0,0
1638,1,0
1639,0,1
1640,1,0
1641,0,1
1642,1,0
1643,0,1
1644,1,0
1645,0,1
1646,1,0
1647,0,1
1648,1,0
1649,1,1
1650,0,1
1651,1,0
1652,0,1
1653,1,0
1654,0,1
1655,1,0
1656,0,1
1657,1,0
1658,0,1
1659,1,0
1660,0,1
1661,1,0
1662,0,1
1663,0,0
1664,1,0
1665,0,1
1666,1,0
1667,0,1
1668,0,0
1669,1,0
1670,0,1
1671,0,0
1672,1,0
1673,0,1
1674,1,0
1675,0,1
1676,1,0
1677,0,1
1678,1,0
1679,0,1
1680,1,0
1681,0,1
1682,1,0
1683,0,1
1684,1,0
1685,0,1
1686,1,0
1687,0,1
1688,1,0
1689,0,1
1690,1,0
1691,0,1
1692,1,0
1693,0,1
1694,1,0
1695,0,1
1696,1,0
1697,0,1
1698,1,0
1699,0,1
1700,1,0
1701,0,1
1702,1,0
1703,0,1
1704,1,0
1705,0,1
1706,1,0
1707,0,1
1708,1,0
1709,1,1
1710,0,1
1711,1,0
1712,0,1
1713,1,0
1714,1,1
1715,0,1
1716,1,0
1717,0,1
1718,1,0
1719,0,1
1720,1,0
1721,0,1
1722,1,0
1723,0,1
1724,1,0
1725,0,1
1726,1,0
1727,0,1
1728,1,0
1729,0,1
1730,1,0
1731,1,1
1732,0,1
1733,1,0
1734,0,1
1735,1,0
1736,0,1
1737,1,0
1738,0,1
1739,1,0
1740,0,1
1741,1,0
1742,0,1
1743,1,0
1744,0,1
1745,1,0
1746,0,1
1747,1,0
1748,0,1
1749,1,0
1750,0,1
1751,1,0
1752,0,1
1753,1,0
1754,0,1
1755,1,0
1756,0,1
1757,1,0
1758,0,1
1759,1,0
1760,0,1
1761,1,0
1762,0,1
1763,1,0
1764,0,1
1765,1,0
1766,0,1
1767,1,0
1768,0,1
1769,1,0
1770,0,1
1771,1,0
1772,0,1
1773,1,0
1774,0,1
1775,1,0
1776,0,1
1777,1,0
1778,0,1
1779,1,0
1780,0,1
1781,1,0
1782,0,1
1783,1,0
1784,0,1
1785,1,0
1786,0,1
1787,1,0
1788,0,1
1789,1,0
1790,0,1
1791,1,0
1792,0,1
1793,1,0
1794,0,1
1795,1,0
1796,0,1
1797,1,0
1798,0,1
1799,1,0
1800,0,1
1801,1,0
1802,0,1
1803,1,0
1804,0,1
1805,1,0
1806,0,1
1807,1,0
1808,0,1
1809,1,0
1810,0,1
1811,1,0
1812,0,1
1813,1,0
1814,0,1
1815,1,0
1816,0,1
1817,1,0
1818,0,1
1819,1,0
1820,0,1
1821,1,0
1822,0,1
1823,1,0
1824,0,1
1825,1,0
1826,0,1
1827,1,0
1828,0,1
1829,1,0
1830,0,1
1831,1,0
1832,0,1
1833,1,0
1834,0,1
1835,1,0
1836,0,1
1837,1,0
1838,0,1
1839,1,0
1840,0,1
1841,0,0
1842,1,0
1843,0,1
1844,1,0
1845,0,1
1846,1,0
1847,0,1
1848,1,0
1849,0,1
1850,1,0
1851,0,1
1852,1,0
1853,0,1
1854,1,0
1855,0,1
1856,1,0
1857,0,1
1858,1,0
1859,0,1
1860,1,0
1861,0,1
1862,1,0
1863,0,1
1864,1,0
1865,0,1
1866,1,0
1867,0,1
1868,1,0
1869,0,1
1870,1,0
1871,0,1
1872,1,0
1873,0,1
1874,0,0
1875,1,0
1876,0,1
1877,1,0
1878,0,1
1879,1,0
1880,0,1
1881,1,0
1882,1,1
1883,0,1
1884,1,0
1885,0,1
1886,1,0
1887,0,1
1888,1,0
1889,0,1
1890,1,0
1891,0,1
1892,1,0
1893,0,1
1894,1,0
1895,0,1
1896,1,0
1897,0,1
1898,1,0
1899,0,1
1900,1,0
1901,0,1
1902,1,0
1903,0,1
1904,1,0
1905,0,1
1906,1,0
1907,0,1
1908,1,0
1909,0,1
1910,0,0
1911,1,0
1912,0,1
1913,1,0
1914,1,1
1915,0,1
1916,1,0
1917,0,1
1918,1,0
1919,0,1
1920,1,0
1921,0,1
1922,1,0
1923,0,1
1924,1,0
1925,0,1
1926,1,0
1927,0,1
1928,1,0
1929,0,1
1930,1,0
1931,0,1
1932,1,0
1933,0,1
1934,1,0
1935,0,1
1936,1,0
1937,0,1
1938,1,0
1939,0,1
1940,1,0
1941,0,1
1942,1,0
1943,0,1
1944,1,0
1945,0,1
1946,1,0
1947,0,1
1948,1,0
1949,0,1
1950,0,0
1951,1,0
1952,1,1
1953,0,1
1954,1,0
1955,0,1
1956,1,0
1957,0,1
1958,1,0
1959,0,1
1960,1,0
1961,0,1
1962,0,0
1963,1,0
1964,0,1
1965,1,0
1966,0,1
1967,0,0
1968,1,0
1969,0,1
1970,1,0
1971,0,1
1972,1,0
1973,0,1
1974,1,0
1975,0,1
1976,1,0
1977,0,1
1978,1,0
1979,0,1
1980,1,0
1981,0,1
1982,1,0
1983,0,1
1984,1,0
1985,0,1
1986,1,0
1987,0,1
1988,1,0
1989,0,1
1990,1,0
1991,0,1
1992,1,0
1993,0,1
1994,1,0
1995,0,1
1996,1,0
1997,0,1
1998,1,0
1999,0,1
2000,1,0
2001,0,1
2002,1,0
2003,0,1
2004,1,0
2005,0,1
2006,1,0
2007,0,1
2008,1,0
2009,0,1
2010,0,0
2011,1,0
2012,0,1
2013,1,0
2014,0,1
2015,1,0
2016,0,1
2017,1,0
2018,0,1
2019,1,0
2020,0,1
2021,1,0
2022,0,1
2023,1,0
2024,0,1
2025,1,0
2026,0,1
2027,1,0
2028,0,1
2029,1,0
2030,0,1
2031,1,0
2032,0,1
2033,1,0
2034,0,1
2035,1,0
2036,1,1
2037,0,1
2038,1,0
2039,0,1
2040,1,0
2041,0,1
2042,1,0
2043,0,1
2044,1,0
2045,0,1
2046,1,0
2047,0,1
2048,1,0
2049,0,1
2050,1,0
2051,0,1
2052,1,0
2053,0,1
2054,1,0
2055,0,1
2056,1,0
2057,0,1
2058,1,0
2059,1,1
2060,0,1
2061,1,0
2062,0,1
2063,1,0
2064,0,1
2065,1,0
2066,0,1
2067,1,0
2068,0,1
2069,1,0
2070,0,1
2071,1,0
2072,0,1
2073,1,0
2074,0,1
2075,1,0
2076,0,1
2077,1,0
2078,0,1
2079,1,0
2080,0,1
2081,1,0
2082,0,1
2083,1,0
2084,0,1
2085,1,0
2086,0,1
2087,1,0
2088,0,1
2089,0,0
2090,1,0
2091,0,1
2092,1,0
2093,0,1
2094,1,0
2095,0,1
2096,0,0
2097,1,0
2098,0,1
2099,0,0
2100,1,0
2101,0,1
2102,1,0
2103,0,1
2104,1,0
2105,0,1
2106,1,0
2107,0,1
2108,1,0
2109,0,1
2110,1,0
2111,0,1
2112,1,0
2113,0,1
2114,1,0
2115,0,1
2116,1,0
2117,0,1
2118,1,0
2119,0,1
2120,1,0
2121,0,1
2122,1,0
2123,0,1
2124,1,0
2125,0,1
2126,1,0
2127,0,1
2128,1,0
2129,0,1
2130,1,0
2131,0,1
2132,1,0
2133,0,1
2134,1,0
2135,0,1
2136,1,0
2137,0,1
2138,1,0
2139,0,1
2140,1,0
2141,0,1
2142,1,0
2143,0,1
2144,1,0
2145,0,1
2146,1,0
2147,0,1
2148,1,0
2149,0,1
2150,1,0
2151,0,1
2152,1,0
2153,0,1
2154,1,0
2155,0,1
2156,1,0
2157,0,1
2158,1,0
2159,0,1
2160,1,0
2161,0,1
2162,1,0
2163,0,1
2164,1,0
2165,0,1
2166,1,0
2167,0,1
2168,1,0
2169,0,1
2170,1,0
2171,1,1
2172,0,1
2173,1,0
2174,0,1
2175,1,0
2176,0,1
2177,1,0
2178,0,1
2179,1,0
2180,0,1
2181,1,0
2182,0,1
2183,1,0
2184,0,1
2185,1,0
2186,0,1
2187,1,0
2188,0,1
2189,1,0
2190,0,1
2191,1,0
2192,0,1
2193,1,0
2194,0,1
2195,1,0
2196,0,1
2197,1,0
2198,0,1
2199,1,0
2200,0,1
2201,1,0
2202,0,1
2203,1,0
2204,0,1
2205,1,0
2206,0,1
2207,1,0
2208,0,1
2209,1,0
2210,0,1
2211,1,0
2212,0,1
2213,1,0
2214,0,1
2215,1,0
2216,0,1
2217,1,0
2218,0,1
2219,1,0
2220,0,1
2221,1,0
2222,0,1
2223,1,0
2224,0,1
2225,1,0
2226,0,1
2227,1,0
2228,0,1
2229,1,0
2230,0,1
2231,1,0
2232,0,1
2233,1,0
2234,0,1
2235,1,0
2236,0,1
2237,1,0
2238,0,1
2239,1,0
2240,0,1
2241,1,0
2242,0,1
2243,1,0
2244,0,1
2245,1,0
2246,0,1
2247,1,0
2248,0,1
2249,1,0
2250,0,1
2251,1,0
2252,0,1
2253,1,0
2254,0,1
2255,1,0
2256,1,1
2257,0,1
2258,1,0
2259,0,1
2260,1,0
2261,0,1
2262,1,0
2263,0,1
2264,1,0
2265,0,1
2266,1,0
2267,0,1
2268,1,0
2269,0,1
2270,1,0
2271,1,1
2272,0,1
2273,1,0
2274,0,1
2275,1,0
2276,0,1
2277,1,0
2278,0,1
2279,1,0
2280,0,1
2281,1,0
2282,0,1
2283,1,0
2284,0,1
2285,1,0
2286,0,1
2287,1,0
2288,0,1
2289,1,0
2290,0,1
2291,1,0
2292,0,1
2293,1,0
2294,0,1
2295,1,0
2296,0,1
2297,1,0
2298,0,1
2299,1,0
2300,0,1
2301,1,0
2302,0,1
2303,1,0
2304,0,1
2305,1,0
2306,0,1
2307,1,0
2308,0,1
2309,1,0
2310,0,1
2311,1,0
2312,0,1
2313,1,0
2314,1,1
2315,0,1
2316,1,0
2317,0,1
2318,1,0
2319,0,1
2320,1,0
2321,0,1
2322,1,0
2323,0,1
2324,1,0
2325,1,1
2326,0,1
2327,1,0
2328,0,1
2329,1,0
2330,0,1
2331,1,0
2332,0,1
2333,1,0
2334,0,1
2335,1,0
2336,0,1
2337,1,0
2338,0,1
2339,1,0
2340,0,1
2341,0,0
2342,1,0
2343,0,1
2344,1,0
2345,0,1
2346,1,0
2347,0,1
2348,1,0
2349,0,1
2350,1,0
2351,0,1
2352,1,0
2353,1,1
2354,0,1
2355,1,0
2356,0,1
2357,1,0
2358,0,1
2359,1,0
2360,0,1
2361,1,0
2362,0,1
2363,1,0
2364,0,1
2365,1,0
2366,0,1
2367,1,0
2368,0,1
2369,1,0
2370,0,1
2371,1,0
2372,0,1
2373,1,0
2374,0,1
2375,1,0
2376,0,1
2377,1,0
2378,0,1
2379,1,0
2380,0,1
2381,1,0
2382,0,1
2383,1,0
2384,0,1
2385,1,0
2386,1,1
2387,0,1
2388,1,0
2389,0,1
2390,1,0
2391,0,1
2392,1,0
2393,0,1
2394,1,0
2395,0,1
2396,1,0
2397,0,1
2398,1,0
2399,0,1
2400,1,0
2401,0,1
2402,1,0
2403,0,1
2404,1,0
2405,0,1
2406,1,0
2407,0,1
2408,1,0
2409,0,1
2410,1,0
2411,0,1
2412,1,0
2413,0,1
2414,1,0
2415,0,1
2416,1,0
2417,0,1
2418,1,0
2419,0,1
2420,1,0
2421,1,1
2422,0,1
2423,1,0
2424,0,1
2425,1,0
2426,0,1
2427,1,0
2428,0,1
2429,1,0
2430,0,1
2431,1,0
2432,0,1
2433,1,0
2434,0,1
2435,1,0
2436,0,1
2437,1,0
2438,1,1
2439,0,1
2440,1,0
2441,0,1
2442,1,0
2443,0,1
2444,1,0
2445,1,1
2446,0,1
2447,1,0
2448,0,1
2449,1,0
2450,0,1
2451,1,0
2452,0,1
2453,1,0
2454,0,1
2455,1,0
2456,0,1
2457,1,0
2458,0,1
2459,1,0
2460,0,1
2461,1,0
2462,1,1
2463,0,1
2464,1,0
2465,0,1
2466,1,0
2467,0,1
2468,1,0
2469,0,1
2470,1,0
2471,1,1
2472,0,1
2473,1,0
2474,0,1
2475,1,0
2476,0,1
2477,1,0
2478,0,1
2479,1,0
2480,0,1
2481,1,0
2482,0,1
2483,1,0
2484,0,1
2485,1,0
2486,0,1
2487,1,0
2488,0,1
2489,1,0
2490,0,1
2491,1,0
2492,0,1
2493,1,0
2494,0,1
2495,1,0
2496,0,1
2497,1,0
2498,0,1
2499,1,0
2500,0,1
2501,1,0
2502,0,1
2503,0,0
2504,1,0
2505,0,1
2506,1,0
2507,0,1
2508,1,0
2509,0,1
2510,1,0
2511,0,1
2512,1,0
2513,0,1
2514,1,0
2515,0,1
2516,1,0
2517,0,1
2518,1,0
2519,0,1
2520,1,0
2521,0,1
2522,1,0
2523,0,1
2524,1,0
2525,0,1
2526,1,0
2527,0,1
2528,1,0
2529,0,1
2530,1,0
2531,0,1
2532,1,0
2533,0,1
2534,1,0
2535,0,1
2536,1,0
2537,0,1
2538,1,0
2539,0,1
2540,1,0
2541,0,1
2542,1,0
2543,0,1
2544,1,0
2545,0,1
2546,0,0
2547,1,0
2548,0,1
2549,1,0
2550,0,1
2551,0,0
2552,1,0
2553,0,1
2554,1,0
2555,0,1
2556,1,0
2557,0,1
2558,1,0
2559,1,1
2560,0,1
2561,1,0
2562,0,1
2563,0,0
2564,1,0
2565,0,1
2566,1,0
2567,0,1
2568,1,0
2569,0,1
2570,1,0
2571,0,1
2572,1,0
2573,0,1
2574,1,0
2575,0,1
2576,1,0
2577,0,1
2578,1,0
2579,0,1
2580,1,0
2581,0,1
2582,1,0
2583,0,1
2584,1,0
2585,1,1
2586,0,1
2587,1,0
2588,0,1
2589,1,0
2590,0,1
2591,1,0
2592,0,1
2593,1,0
2594,0,1
2595,1,0
2596,0,1
2597,1,0
2598,0,1
2599,1,0
2600,0,1
2601,1,0
2602,0,1
2603,1,0
2604,0,1
2605,1,0
2606,0,1
2607,1,0
2608,1,1
2609,0,1
2610,1,0
2611,0,1
2612,1,0
2613,0,1
2614,1,0
2615,0,1
2616,1,0
2617,0,1
2618,1,0
2619,0,1
2620,1,0
2621,0,1
2622,1,0
2623,0,1
2624,1,0
2625,0,1
2626,1,0
2627,0,1
2628,1,0
2629,0,1
2630,1,0
2631,0,1
2632,1,0
2633,0,1
2634,1,0
2635,1,1
2636,0,1
2637,1,0
2638,0,1
2639,1,0
2640,0,1
2641,1,0
2642,0,1
2643,1,0
2644,0,1
2645,1,0
2646,0,1
2647,1,0
2648,0,1
2649,1,0
2650,0,1
2651,1,0
2652,0,1
2653,1,0
2654,0,1
2655,1,0
2656,0,1
2657,1,0
2658,0,1
2659,1,0
2660,0,1
2661,1,0
2662,0,1
2663,1,0
2664,0,1
2665,1,0
2666,0,1
2667,1,0
2668,0,1
2669,1,0
2670,0,1
2671,1,0
2672,0,1
2673,1,0
2674,0,1
2675,1,0
2676,0,1
2677,1,0
2678,0,1
2679,1,0
2680,0,1
2681,1,0
2682,0,1
2683,1,0
2684,0,1
2685,1,0
2686,0,1
2687,0,0
2688,1,0
2689,1,1
2690,0,1
2691,1,0
2692,0,1
2693,1,0
2694,0,1
2695,1,0
2696,0,1
2697,1,0
2698,0,1
2699,1,0
2700,0,1
2701,1,0
2702,0,1
2703,1,0
2704,0,1
2705,1,0
2706,0,1
2707,1,0
2708,0,1
2709,1,0
2710,0,1
2711,1,0
2712,0,1
2713,1,0
2714,0,1
2715,1,0
2716,0,1
2717,1,0
2718,0,1
2719,1,0
2720,0,1
2721,1,0
2722,0,1
2723,1,0
2724,0,1
2725,0,0
2726,1,0
2727,0,1
2728,1,0
2729,0,1
2730,1,0
2731,0,1
2732,1,0
2733,0,1
2734,1,0
2735,0,1
2736,1,0
2737,0,1
2738,1,0
2739,0,1
2740,1,0
2741,0,1
2742,0,0
2743,1,0
2744,0,1
2745,1,0
2746,0,1
2747,0,0
2748,1,0
2749,0,1
2750,1,0
2751,0,1
2752,1,0
2753,0,1
2754,1,0
2755,0,1
2756,0,0
2757,1,0
2758,0,1
2759,1,0
2760,0,1
2761,1,0
2762,0,1
2763,1,0
2764,0,1
2765,1,0
2766,0,1
2767,1,0
2768,0,1
2769,1,0
2770,0,1
2771,1,0
2772,0,1
2773,1,0
2774,0,1
2775,1,0
2776,0,1
2777,1,0
2778,0,1
2779,1,0
2780,0,1
2781,1,0
2782,0,1
2783,1,0
2784,0,1
2785,1,0
2786,0,1
2787,1,0
2788,0,1
2789,1,0
2790,0,1
2791,1,0
2792,0,1
2793,1,0
2794,0,1
2795,1,0
2796,0,1
2797,1,0
2798,0,1
2799,1,0
2800,0,1
2801,1,0
2802,0,1
2803,1,0
2804,0,1
2805,1,0
2806,0,1
2807,1,0
2808,0,1
2809,1,0
2810,0,1
2811,1,0
2812,0,1
2813,1,0
2814,0,1
2815,1,0
2816,0,1
2817,1,0
2818,0,1
2819,1,0
2820,0,1
2821,1,0
2822,0,1
2823,1,0
2824,0,1
2825,1,0
2826,0,1
2827,1,0
2828,0,1
2829,1,0
2830,0,1
2831,1,0
2832,0,1
2833,1,0
2834,0,1
2835,1,0
2836,0,1
2837,1,0
2838,0,1
2839,1,0
2840,1,1
2841,1,1
2842,0,1
2843,0,0
2844,1,0
2845,0,1
2846,1,0
2847,0,1
2848,1,0
2849,0,1
2850,1,0
2851,0,1
2852,1,0
2853,0,1
2854,1,0
2855,0,1
2856,1,0
2857,0,1
2858,1,0
2859,0,1
2860,1,0
2861,0,1
2862,1,0
2863,0,1
2864,1,0
2865,0,1
2866,1,0
2867,0,1
2868,1,0
2869,0,1
2870,1,0
2871,0,1
2872,1,0
2873,0,1
2874,1,0
2875,0,1
2876,1,0
2877,0,1
2878,1,0
2879,0,1
2880,1,0
2881,0,1
2882,1,0
2883,0,1
2884,1,0
2885,0,1
2886,1,0
2887,0,1
2888,0,0
2889,1,0
2890,0,1
2891,1,0
2892,0,1
2893,1,0
2894,0,1
2895,1,0
2896,0,1
2897,1,0
2898,0,1
2899,1,0
2900,0,1
2901,1,0
2902,0,1
2903,1,0
2904,0,1
2905,1,0
2906,1,1
2907,0,1
2908,1,0
2909,0,1
2910,1,0
2911,0,1
2912,1,0
2913,0,1
2914,1,0
2915,0,1
2916,1,0
2917,0,1
2918,1,0
2919,0,1
2920,1,0
2921,0,1
2922,1,0
2923,0,1
2924,0,0
2925,1,0
2926,0,1
2927,1,0
2928,0,1
2929,1,0
2930,0,1
2931,1,0
2932,1,1
2933,0,1
2934,1,0
2935,0,1
2936,1,0
2937,0,1
2938,1,0
2939,0,1
2940,1,0
2941,0,1
2942,1,0
2943,0,1
2944,1,0
2945,0,1
2946,1,0
2947,0,1
2948,1,0
2949,0,1
2950,1,0
2951,0,1
2952,1,0
2953,0,1
2954,1,0
2955,0,1
2956,1,0
2957,0,1
2958,1,0
2959,0,1
2960,1,0
2961,0,1
2962,1,0
2963,0,1
2964,1,0
2965,0,1
2966,1,0
2967,0,1
2968,1,0
2969,0,1
2970,1,0
2971,0,1
2972,1,0
2973,0,1
2974,1,0
2975,0,1
2976,1,0
2977,0,1
2978,0,0
2979,0,0
2980,1,0
2981,0,1
2982,1,0
2983,0,1
2984,1,0
2985,0,1
2986,1,0
2987,0,1
2988,1,0
2989,0,1
2990,1,0
2991,0,1
2992,1,0
2993,0,1
2994,1,0
2995,0,1
2996,1,0
2997,0,1
2998,1,0
2999,0,1
3000,1,0
3001,0,1
3002,1,0
3003,0,1
3004,1,0
3005,0,1
3006,1,0
3007,0,1
3008,1,0
3009,0,1
3010,1,0
3011,0,1
3012,1,0
3013,0,1
3014,1,0
3015,0,1
3016,0,0
3017,1,0
3018,0,1
3019,1,0
3020,0,1
3021,1,0
3022,1,1
3023,0,1
3024,1,0
3025,0,1
3026,1,0
3027,0,1
3028,1,0
3029,0,1
3030,1,0
3031,0,1
3032,1,0
3033,0,1
3034,1,0
3035,0,1
3036,1,0
3037,1,1
3038,0,1
3039,1,0
3040,0,1
3041,1,0
3042,0,1
3043,1,0
3044,0,1
3045,1,0
3046,0,1
3047,1,0
3048,0,1
3049,1,0
3050,0,1
3051,1,0
3052,0,1
3053,1,0
3054,0,1
3055,1,0
3056,0,1
3057,1,0
3058,0,1
3059,1,0
3060,0,1
3061,1,0
3062,0,1
3063,1,0
3064,0,1
3065,0,0
3066,1,0
3067,0,1
3068,1,0
3069,0,1
3070,1,0
3071,0,1
3072,1,0
3073,0,1
3074,1,0
3075,0,1
3076,1,0
3077,0,1
3078,1,0
3079,0,1
3080,1,0
3081,0,1
3082,1,0
3083,0,1
3084,1,0
3085,0,1
3086,1,0
3087,0,1
3088,1,0
3089,0,1
3090,0,0
3091,1,0
3092,0,1
3093,1,0
3094,0,1
3095,1,0
3096,0,1
3097,1,0
3098,0,1
3099,0,0
3100,1,0
3101,0,1
3102,1,0
3103,0,1
3104,1,0
3105,0,1
3106,1,0
3107,0,1
3108,1,0
3109,1,1
3110,1,1
3111,0,1
3112,1,0
3113,0,1
3114,1,0
3115,0,1
3116,1,0
3117,0,1
3118,1,0
3119,0,1
3120,1,0
3121,0,1
3122,1,0
3123,0,1
3124,1,0
3125,0,1
3126,1,0
3127,0,1
3128,1,0
3129,0,1
3130,1,0
3131,0,1
3132,1,0
3133,0,1
3134,1,0
3135,0,1
3136,1,0
3137,0,1
3138,1,0
3139,0,1
3140,1,0
3141,0,1
3142,1,0
3143,0,1
3144,1,0
3145,0,1
3146,1,0
3147,0,1
3148,1,0
3149,0,1
3150,1,0
3151,0,1
3152,1,0
3153,0,1
3154,1,0
3155,0,1
3156,1,0
3157,0,1
3158,1,0
3159,0,1
3160,1,0
3161,0,1
3162,1,0
3163,0,1
3164,1,0
3165,1,1
3166,0,1
3167,1,0
3168,0,1
3169,1,0
3170,0,1
3171,1,0
3172,0,1
3173,0,0
3174,1,0
3175,0,1
3176,1,0
3177,0,1
3178,1,0
3179,0,1
3180,1,0
3181,0,1
3182,1,0
3183,0,1
3184,1,0
3185,0,1
3186,1,0
3187,0,1
3188,1,0
3189,0,1
3190,1,0
3191,0,1
3192,1,0
3193,0,1
3194,1,0
3195,0,1
3196,1,0
3197,0,1
3198,1,0
3199,0,1
3200,1,0
3201,1,1
3202,0,1
3203,1,0
3204,1,1
3205,0,1
3206,1,0
3207,0,1
3208,1,0
3209,0,1
3210,1,0
3211,0,1
3212,1,0
3213,0,1
3214,1,0
3215,0,1
3216,1,0
3217,0,1
3218,1,0
3219,0,1
3220,1,0
3221,0,1
3222,1,0
3223,0,1
3224,1,0
3225,0,1
3226,1,0
3227,0,1
3228,1,0
3229,0,1
3230,1,0
3231,0,1
3232,1,0
3233,0,1
3234,1,0
3235,0,1
3236,1,0
3237,0,1
3238,0,0
3239,1,0
3240,1,1
3241,0,1
3242,1,0
3243,0,1
3244,1,0
3245,0,1
3246,1,0
3247,0,1
3248,1,0
3249,0,1
3250,1,0
3251,1,1
3252,0,1
3253,1,0
3254,0,1
3255,1,0
3256,0,1
3257,1,0
3258,0,1
3259,1,0
3260,0,1
3261,1,0
3262,0,1
3263,1,0
3264,1,1
3265,0,1
3266,1,0
3267,0,1
3268,1,0
3269,0,1
3270,1,0
3271,0,1
3272,1,0
3273,0,1
3274,1,0
3275,0,1
3276,1,0
3277,0,1
3278,1,0
3279,0,1
3280,1,0
3281,0,1
3282,1,0
3283,0,1
3284,1,0
3285,0,1
3286,1,0
3287,0,1
3288,1,0
3289,0,1
3290,1,0
3291,0,1
3292,0,0
3293,0,0
3294,1,0
3295,0,1
3296,1,0
3297,0,1
3298,1,0
3299,0,1
3300,1,0
3301,0,1
3302,1,0
3303,0,1
3304,1,0
3305,0,1
3306,1,0
3307,0,1
3308,1,0
3309,0,1
3310,1,0
3311,0,1
3312,1,0
3313,1,1
3314,0,1
3315,1,0
3316,0,1
3317,1,0
3318,0,1
3319,1,0
3320,0,1
3321,1,0
3322,0,1
3323,1,0
3324,0,1
3325,1,0
3326,0,1
3327,1,0
3328,0,1
3329,1,0
3330,0,1
3331,1,0
3332,0,1
3333,1,0
3334,1,1
3335,0,1
3336,1,0
3337,0,1
3338,1,0
3339,0,1
3340,1,0
3341,0,1
3342,1,0
3343,0,1
3344,1,0
3345,0,1
3346,0,0
3347,1,0
3348,0,1
3349,1,0
3350,0,1
3351,1,0
3352,0,1
3353,1,0
3354,0,1
3355,1,0
3356,0,1
3357,1,0
3358,0,1
3359,1,0
3360,0,1
3361,1,0
3362,0,1
3363,1,0
3364,0,1
3365,1,0
3366,0,1
3367,1,0
3368,0,1
3369,1,0
3370,0,1
3371,1,0
3372,0,1
3373,1,0
3374,0,1
3375,1,0
3376,0,1
3377,1,0
3378,0,1
3379,1,0
3380,0,1
3381,1,0
3382,0,1
3383,0,0
3384,1,0
3385,0,1
3386,1,0
3387,1,1
3388,0,1
3389,1,0
3390,0,1
3391,1,0
3392,0,1
3393,1,0
3394,0,1
3395,1,0
3396,0,1
3397,1,0
3398,0,1
3399,1,0
3400,0,1
3401,1,0
3402,1,1
3403,0,1
3404,1,0
3405,0,1
3406,1,0
3407,0,1
3408,1,0
3409,0,1
3410,1,0
3411,0,1
3412,1,0
3413,0,1
3414,0,0
3415,1,0
3416,0,1
3417,1,0
3418,0,1
3419,1,0
3420,0,1
3421,1,0
3422,1,1
3423,0,1
3424,1,0
3425,0,1
3426,1,0
3427,0,1
3428,1,0
3429,0,1
3430,1,0
3431,0,1
3432,1,0
3433,0,1
3434,1,0
3435,0,1
3436,1,0
3437,0,1
3438,0,0
3439,1,0
3440,0,1
3441,1,0
3442,0,1
3443,1,0
3444,0,1
3445,1,0
3446,0,1
3447,1,0
3448,0,1
3449,1,0
3450,0,1
3451,1,0
3452,0,1
3453,1,0
3454,0,1
3455,1,0
3456,0,1
3457,1,0
3458,1,1
3459,1,1
3460,0,1
3461,1,0
3462,0,1
3463,1,0
3464,0,1
3465,1,0
3466,0,1
3467,1,0
3468,0,1
3469,1,0
3470,0,1
3471,1,0
3472,0,1
3473,1,0
3474,0,1
3475,1,0
3476,0,1
3477,1,0
3478,0,1
3479,1,0
3480,0,1
3481,1,0
3482,0,1
3483,1,0
3484,0,1
3485,1,0
3486,0,1
3487,1,0
3488,0,1
3489,1,0
3490,0,1
3491,1,0
3492,0,1
3493,1,0
3494,0,1
3495,1,0
3496,0,1
3497,1,0
3498,0,1
3499,1,0
3500,0,1
3501,1,0
3502,0,1
3503,1,0
3504,0,1
3505,1,0
3506,0,1
3507,1,0
3508,0,1
3509,1,0
3510,0,1
3511,1,0
3512,0,1
3513,1,0
3514,0,1
3515,1,0
3516,0,1
3517,1,0
3518,0,1
3519,1,0
3520,0,1
3521,1,0
3522,0,1
3523,1,0
3524,0,1
3525,0,0
3526,1,0
3527,0,1
3528,1,0
3529,0,1
3530,1,0
3531,0,1
3532,1,0
3533,0,1
3534,1,0
3535,0,1
3536,1,0
3537,0,1
3538,1,0
3539,0,1
3540,1,0
3541,0,1
3542,1,0
3543,0,1
3544,1,0
3545,0,1
3546,1,0
3547,0,1
3548,1,0
3549,0,1
3550,1,0
3551,0,1
3552,1,0
3553,0,1
3554,1,0
3555,0,1
3556,1,0
3557,0,1
3558,1,0
3559,0,1
3560,1,0
3561,1,1
3562,0,1
3563,1,0
3564,0,1
3565,0,0
3566,1,0
3567,0,1
3568,1,0
3569,1,1
3570,1,1
3571,0,1
3572,1,0
3573,0,1
3574,1,0
3575,0,1
3576,1,0
3577,1,1
3578,0,1
3579,1,0
3580,0,1
3581,1,0
3582,0,1
3583,1,0
3584,0,1
3585,1,0
3586,0,1
3587,1,0
3588,0,1
3589,1,0
3590,0,1
3591,1,0
3592,0,1
3593,1,0
3594,0,1
3595,1,0
3596,0,1
3597,1,0
3598,0,1
3599,1,0
3600,0,1
3601,1,0
3602,0,1
3603,1,0
3604,0,1
3605,1,0
3606,0,1
3607,1,0
3608,0,1
3609,1,0
3610,0,1
3611,1,0
3612,0,1
3613,1,0
3614,0,1
3615,1,0
3616,0,1
3617,1,0
3618,0,1
3619,1,0
3620,0,1
3621,1,0
3622,0,1
3623,1,0
3624,0,1
3625,1,0
3626,0,1
3627,1,0
3628,0,1
3629,1,0
3630,0,1
3631,1,0
3632,0,1
3633,1,0
3634,0,1
3635,1,0
3636,0,1
3637,1,0
3638,0,1
3639,0,0
3640,1,0
3641,0,1
3642,1,0
3643,0,1
3644,1,0
3645,0,1
3646,0,0
3647,1,0
3648,0,1
3649,1,0
3650,0,1
3651,1,0
3652,0,1
3653,1,0
3654,0,1
3655,1,0
3656,0,1
3657,1,0
3658,1,1
3659,0,1
3660,1,0
3661,0,1
3662,1,0
3663,0,1
3664,1,0
3665,0,1
3666,1,0
3667,0,1
3668,1,0
3669,0,1
3670,1,0
3671,0,1
3672,1,0
3673,0,1
3674,1,0
3675,0,1
3676,1,0
3677,0,1
3678,1,0
3679,0,1
3680,1,0
3681,0,1
3682,1,0
3683,0,1
3684,1,0
3685,0,1
3686,1,0
3687,0,1
3688,1,0
3689,0,1
3690,1,0
3691,0,1
3692,1,0
3693,0,1
3694,1,0
3695,0,1
3696,1,0
3697,0,1
3698,1,0
3699,0,1
3700,1,0
3701,0,1
3702,1,0
3703,0,1
3704,1,0
3705,0,1
3706,1,0
3707,0,1
3708,1,0
3709,0,1
3710,1,0
3711,1,1
3712,0,1
3713,1,0
3714,0,1
3715,1,0
3716,0,1
3717,1,0
3718,0,1
3719,1,0
3720,0,1
3721,1,0
3722,0,1
3723,1,0
3724,0,1
3725,1,0
3726,0,1
3727,1,0
3728,0,1
3729,1,0
3730,0,1
3731,1,0
3732,0,1
3733,1,0
3734,0,1
3735,1,0
3736,0,1
3737,1,0
3738,0,1
3739,1,0
3740,0,1
3741,1,0
3742,0,1
3743,1,0
3744,0,1
3745,1,0
3746,0,1
3747,1,0
3748,1,1
3749,0,1
3750,1,0
3751,0,1
3752,1,0
3753,0,1
3754,1,0
3755,0,1
3756,1,0
3757,0,1
3758,1,0
3759,0,1
3760,1,0
3761,0,1
3762,1,0
3763,0,1
3764,1,0
3765,0,1
3766,1,0
3767,0,1
3768,1,0
3769,0,1
3770,1,0
3771,0,1
3772,1,0
3773,0,1
3774,0,0
3775,1,0
3776,0,1
3777,1,0
3778,0,1
3779,1,0
3780,0,1
3781,1,0
3782,0,1
3783,1,0
3784,0,1
3785,1,0
3786,0,1
3787,1,0
3788,1,1
3789,0,1
3790,1,0
3791,0,1
3792,1,0
3793,0,1
3794,1,0
3795,0,1
3796,1,0
3797,1,1
3798,1,1
3799,0,1
3800,1,0
3801,0,1
3802,1,0
3803,0,1
3804,1,0
3805,0,1
3806,1,0
3807,1,1
3808,0,1
3809,1,0
3810,0,1
3811,1,0
3812,0,1
3813,1,0
3814,0,1
3815,1,0
3816,0,1
3817,1,0
3818,0,1
3819,1,0
3820,0,1
3821,1,0
3822,0,1
3823,1,0
3824,0,1
3825,1,0
3826,0,1
3827,1,0
3828,0,1
3829,1,0
3830,1,1
3831,0,1
3832,1,0
3833,0,1
3834,1,0
3835,0,1
3836,1,0
3837,0,1
3838,1,0
3839,0,1
3840,1,0
3841,0,1
3842,1,0
3843,0,1
3844,1,0
3845,0,1
3846,1,0
3847,0,1
3848,1,0
3849,0,1
3850,1,0
3851,1,1
3852,0,1
3853,1,0
3854,0,1
3855,1,0
3856,0,1
3857,0,0
3858,0,0
3859,1,0
3860,0,1
3861,1,0
3862,0,1
3863,1,0
3864,0,1
3865,1,0
3866,0,1
3867,1,0
3868,0,1
3869,1,0
3870,0,1
3871,1,0
3872,0,1
3873,1,0
3874,0,1
3875,1,0
3876,0,1
3877,1,0
3878,0,1
3879,1,0
3880,0,1
3881,1,0
3882,0,1
3883,1,0
3884,0,1
3885,1,0
3886,0,1
3887,1,0
3888,0,1
3889,1,0
3890,0,1
3891,1,0
3892,0,1
3893,1,0
3894,0,1
3895,1,0
3896,0,1
3897,1,0
3898,1,1
3899,0,1
3900,1,0
3901,0,1
3902,1,0
3903,0,1
3904,1,0
3905,0,1
3906,1,0
3907,0,1
3908,1,0
3909,0,1
3910,1,0
3911,0,1
3912,1,0
3913,0,1
3914,1,0
3915,0,1
3916,1,0
3917,0,1
3918,1,0
3919,0,1
3920,1,0
3921,1,1
3922,0,1
3923,1,0
3924,0,1
3925,1,0
3926,0,1
3927,1,0
3928,0,1
3929,1,0
3930,0,1
3931,1,0
3932,0,1
3933,1,0
3934,0,1
3935,1,0
3936,0,1
3937,1,0
3938,0,1
3939,1,0
3940,0,1
3941,1,0
3942,0,1
3943,1,0
3944,1,1
3945,0,1
3946,1,0
3947,0,1
3948,1,0
3949,0,1
3950,1,0
3951,0,1
3952,1,0
3953,0,1
3954,0,0
3955,1,0
3956,0,1
3957,1,0
3958,0,1
3959,1,0
3960,0,1
3961,1,0
3962,0,1
3963,1,0
3964,0,1
3965,1,0
3966,0,1
3967,1,0
3968,0,1
3969,1,0
3970,0,1
3971,1,0
3972,0,1
3973,1,0
3974,0,1
3975,1,0
3976,0,1
3977,1,0
3978,0,1
3979,1,0
3980,0,1
3981,0,0
3982,1,0
3983,0,1
3984,1,0
3985,0,1
3986,1,0
3987,0,1
3988,1,0
3989,0,1
3990,0,0
3991,1,0
3992,0,1
3993,1,0
3994,0,1
3995,1,0
3996,0,1
3997,1,0
3998,0,1
3999,1,0
4000,0,1
4001,1,0
4002,0,1
4003,1,0
4004,0,1
4005,1,0
4006,0,1
4007,1,0
4008,0,1
4009,1,0
4010,0,1
4011,1,0
4012,1,1
4013,0,1
4014,1,0
4015,0,1
4016,1,0
4017,0,1
4018,1,0
4019,0,1
4020,1,0
4021,0,1
4022,1,0
4023,0,1
4024,1,0
4025,0,1
4026,1,0
4027,0,1
4028,1,0
4029,0,1
4030,1,0
4031,0,1
4032,1,0
4033,0,1
4034,1,0
4035,0,1
4036,1,0
4037,0,1
4038,1,0
4039,0,1
4040,1,0
4041,0,1
4042,1,0
4043,0,1
4044,1,0
4045,0,1
4046,1,0
4047,0,1
4048,1,0
4049,0,1
4050,1,0
4051,1,1
4052,0,1
4053,1,0
4054,0,1
4055,1,0
4056,0,1
4057,1,0
4058,0,1
4059,1,0
4060,0,1
4061,1,0
4062,0,1
4063,1,0
4064,0,1
4065,1,0
4066,0,1
4067,1,0
4068,0,1
4069,1,0
4070,0,1
4071,1,0
4072,0,1
4073,1,0
4074,0,1
4075,0,0
4076,1,0
4077,0,1
4078,1,0
4079,0,1
4080,1,0
4081,1,1
4082,0,1
4083,1,0
4084,0,1
4085,1,0
4086,0,1
4087,1,0
4088,0,1
4089,0,0
4090,1,0
4091,0,1
4092,1,0
4093,0,1
4094,1,0
4095,0,1
4096,1,0
4097,0,1
4098,1,0
4099,0,1
4100,1,0
4101,0,1
4102,1,0
4103,0,1
4104,1,0
4105,0,1
4106,1,0
4107,0,1
4108,1,0
4109,0,1
4110,1,0
4111,0,1
4112,1,0
4113,0,1
4114,1,0
4115,0,1
4116,1,0
4117,1,1
4118,0,1
4119,1,0
4120,0,1
4121,1,0
4122,0,1
4123,1,0
4124,0,1
4125,1,0
4126,0,1
4127,1,0
4128,0,1
4129,1,0
4130,0,1
4131,1,0
4132,0,1
4133,1,0
4134,0,1
4135,1,0
4136,0,1
4137,1,0
4138,0,1
4139,1,0
4140,0,1
4141,1,0
4142,0,1
4143,1,0
4144,0,1
4145,1,0
4146,0,1
4147,1,0
4148,0,1
4149,1,0
4150,0,1
4151,1,0
4152,0,1
4153,1,0
4154,0,1
4155,0,0
4156,1,0
4157,0,1
4158,1,0
4159,0,1
4160,1,0
4161,0,1
4162,1,0
4163,0,1
4164,1,0
4165,0,1
4166,1,0
4167,1,1
4168,0,1
4169,1,0
4170,0,1
4171,1,0
4172,0,1
4173,1,0
4174,0,1
4175,1,0
4176,0,1
4177,1,0
4178,0,1
4179,1,0
4180,0,1
4181,1,0
4182,0,1
4183,1,0
4184,0,1
4185,1,0
4186,0,1
4187,1,0
4188,0,1
4189,1,0
4190,0,1
4191,1,0
4192,0,1
4193,1,0
4194,0,1
4195,1,0
4196,0,1
4197,1,0
4198,0,1
4199,1,0
4200,0,1
4201,1,0
4202,0,1
4203,1,0
4204,0,1
4205,1,0
4206,0,1
4207,1,0
4208,0,1
4209,1,0
4210,0,1
4211,1,0
4212,0,1
4213,1,0
4214,0,1
4215,1,0
4216,0,1
4217,1,0
4218,0,1
4219,1,0
4220,0,1
4221,1,0
4222,0,1
4223,1,0
4224,0,1
4225,1,0
4226,0,1
4227,1,0
4228,0,1
4229,1,0
4230,0,1
4231,1,0
4232,0,1
4233,1,0
4234,0,1
4235,1,0
4236,0,1
4237,1,0
4238,0,1
4239,1,0
4240,0,1
4241,1,0
4242,0,1
4243,1,0
4244,0,1
4245,1,0
4246,0,1
4247,1,0
4248,0,1
4249,1,0
4250,0,1
4251,1,0
4252,0,1
4253,0,0
4254,1,0
4255,0,1
4256,1,0
4257,0,1
4258,1,0
4259,0,1
4260,1,0
4261,0,1
4262,1,0
4263,1,1
4264,0,1
4265,1,0
4266,1,1
4267,0,1
4268,1,0
4269,0,1
4270,1,0
4271,0,1
4272,1,0
4273,0,1
4274,1,0
4275,0,1
4276,1,0
4277,0,1
4278,1,0
4279,0,1
4280,1,0
4281,0,1
4282,1,0
4283,0,1
4284,1,0
4285,0,1
4286,1,0
4287,0,1
4288,1,0
4289,0,1
4290,1,0
4291,0,1
4292,1,0
4293,0,1
4294,1,0
4295,0,1
4296,1,0
4297,0,1
4298,1,0
4299,0,1
4300,1,0
4301,0,1
4302,1,0
4303,0,1
4304,1,0
4305,0,1
4306,1,0
4307,0,1
4308,1,0
4309,0,1
4310,1,0
4311,0,1
4312,1,0
4313,0,1
4314,1,0
4315,0,1
4316,1,0
4317,0,1
4318,1,0
4319,0,1
4320,1,0
4321,0,1
4322,1,0
4323,0,1
4324,1,0
4325,0,1
4326,1,0
4327,0,1
4328,1,0
4329,0,1
4330,0,0
4331,1,0
4332,0,1
4333,1,0
4334,0,1
4335,1,0
4336,0,1
4337,1,0
4338,0,1
4339,1,0
4340,0,1
4341,1,0
4342,0,1
4343,1,0
4344,0,1
4345,1,0
4346,0,1
4347,1,0
4348,0,1
4349,1,0
4350,0,1
4351,1,0
4352,0,1
4353,1,0
4354,0,1
4355,1,0
4356,0,1
4357,1,0
4358,0,1
4359,1,0
4360,0,1
4361,1,0
4362,0,1
4363,1,0
4364,0,1
4365,1,0
4366,0,1
4367,1,0
4368,0,1
4369,1,0
4370,0,1
4371,1,0
4372,0,1
4373,1,0
4374,0,1
4375,0,0
4376,1,0
4377,0,1
4378,1,0
4379,0,1
4380,1,0
4381,0,1
4382,0,0
4383,1,0
4384,0,1
4385,1,0
4386,0,1
4387,1,0
4388,0,1
4389,1,0
4390,0,1
4391,1,0
4392,0,1
4393,1,0
4394,1,1
4395,0,1
4396,1,0
4397,0,1
4398,1,0
4399,0,1
4400,1,0
4401,0,1
4402,1,0
4403,0,1
4404,1,0
4405,0,1
4406,1,0
4407,0,1
4408,1,0
4409,0,1
4410,0,0
4411,1,0
4412,0,1
4413,1,0
4414,0,1
4415,1,0
4416,0,1
4417,1,0
4418,0,1
4419,1,0
4420,1,1
4421,0,1
4422,1,0
4423,0,1
4424,1,0
4425,0,1
4426,1,0
4427,0,1
4428,1,0
4429,0,1
4430,1,0
4431,0,1
4432,1,0
4433,0,1
4434,1,0
4435,0,1
4436,1,0
4437,0,1
4438,1,0
4439,0,1
4440,1,0
4441,0,1
4442,1,0
4443,0,1
4444,1,0
4445,0,1
4446,1,0
4447,0,1
4448,1,0
4449,0,1
4450,1,0
4451,1,1
4452,0,1
4453,1,0
4454,0,1
4455,1,0
4456,0,1
4457,1,0
4458,0,1
4459,1,0
4460,0,1
4461,1,0
4462,0,1
4463,1,0
4464,0,1
4465,1,0
4466,0,1
4467,1,0
4468,0,1
4469,1,0
4470,0,1
4471,1,0
4472,0,1
4473,1,0
4474,0,1
4475,1,0
4476,0,1
4477,1,0
4478,0,1
4479,1,0
4480,0,1
4481,1,0
4482,0,1
4483,0,0
4484,1,0
4485,0,1
4486,1,0
4487,0,1
4488,1,0
4489,0,1
4490,1,0
4491,0,1
4492,1,0
4493,0,1
4494,1,0
4495,0,1
4496,1,0
4497,0,1
4498,1,0
4499,0,1
4500,1,0
4501,0,1
4502,1,0
4503,0,1
4504,1,0
4505,0,1
4506,1,0
4507,0,1
4508,1,0
4509,0,1
4510,1,0
4511,0,1
4512,1,0
4513,0,1
4514,1,0
4515,0,1
4516,1,0
4517,0,1
4518,1,0
4519,0,1
4520,1,0
4521,0,1
4522,1,0
4523,0,1
4524,1,0
4525,1,1
4526,0,1
4527,1,0
4528,0,1
4529,1,0
4530,0,1
4531,1,0
4532,0,1
4533,0,0
4534,1,0
4535,0,1
4536,1,0
4537,0,1
4538,1,0
4539,0,1
4540,1,0
4541,0,1
4542,1,0
4543,0,1
4544,1,0
4545,0,1
4546,1,0
4547,0,1
4548,1,0
4549,0,1
4550,1,0
4551,0,1
4552,1,0
4553,0,1
4554,1,0
4555,0,1
4556,1,0
4557,0,1
4558,1,0
4559,1,1
4560,0,1
4561,1,0
4562,0,1
4563,1,0
4564,0,1
4565,1,0
4566,0,1
4567,1,0
4568,0,1
4569,1,0
4570,0,1
4571,0,0
4572,1,0
4573,0,1
4574,1,0
4575,0,1
4576,1,0
4577,0,1
4578,1,0
4579,0,1
4580,1,0
4581,0,1
4582,1,0
4583,0,1
4584,1,0
4585,0,1
4586,1,0
4587,0,1
4588,1,0
4589,0,1
4590,1,0
4591,0,1
4592,1,0
4593,0,1
4594,1,0
4595,0,1
4596,1,0
4597,0,1
4598,1,0
4599,0,1
4600,1,0
4601,0,1
4602,1,0
4603,0,1
4604,1,0
4605,0,1
4606,1,0
4607,0,1
4608,1,0
4609,0,1
4610,1,0
4611,0,1
4612,1,0
4613,0,1
4614,1,0
4615,0,1
4616,1,0
4617,0,1
4618,1,0
4619,0,1
4620,1,0
4621,0,1
4622,1,0
4623,0,1
4624,1,0
4625,0,1
4626,1,0
4627,0,1
4628,1,0
4629,0,1
4630,1,0
4631,0,1
4632,1,0
4633,0,1
4634,1,0
4635,0,1
4636,1,0
4637,0,1
4638,1,0
4639,0,1
4640,1,0
4641,0,1
4642,1,0
4643,0,1
4644,1,0
4645,0,1
4646,1,0
4647,0,1
4648,1,0
4649,0,1
4650,1,0
4651,0,1
4652,1,0
4653,0,1
4654,1,0
4655,0,1
4656,1,0
4657,0,1
4658,1,0
4659,0,1
4660,1,0
4661,0,1
4662,1,0
4663,0,1
4664,1,0
4665,0,1
4666,1,0
4667,0,1
4668,1,0
4669,0,1
4670,1,0
4671,0,1
4672,1,0
4673,0,1
4674,1,0
4675,0,1
4676,1,0
4677,0,1
4678,1,0
4679,0,1
4680,1,0
4681,0,1
4682,1,0
4683,0,1
4684,1,0
4685,0,1
4686,1,0
4687,0,1
4688,1,0
4689,0,1
4690,1,0
4691,0,1
4692,1,0
4693,0,1
4694,1,0
4695,0,1
4696,1,0
4697,0,1
4698,1,0
4699,0,1
4700,1,0
4701,0,1
4702,1,0
4703,0,1
4704,1,0
4705,0,1
4706,1,0
4707,0,1
4708,1,0
4709,0,1
4710,1,0
4711,0,1
4712,1,0
4713,0,1
4714,1,0
4715,0,1
4716,1,0
4717,0,1
4718,1,0
4719,0,1
4720,1,0
4721,0,1
4722,1,0
4723,0,1
4724,1,0
4725,0,1
4726,1,0
4727,0,1
4728,1,0
4729,0,1
4730,1,0
4731,0,1
4732,1,0
4733,0,1
4734,1,0
4735,0,1
4736,1,0
4737,0,1
4738,1,0
4739,0,1
4740,1,0
4741,0,1
4742,1,0
4743,0,1
4744,1,0
4745,1,1
4746,0,1
4747,1,0
4748,1,1
4749,0,1
4750,1,0
4751,0,1
4752,1,0
4753,0,1
4754,0,0
4755,1,0
4756,0,1
4757,1,0
4758,1,1
4759,0,1
4760,1,0
4761,0,1
4762,1,0
4763,0,1
4764,1,0
4765,0,1
4766,1,0
4767,0,1
4768,1,0
4769,0,1
4770,1,0
4771,0,1
4772,1,0
4773,0,1
4774,1,0
4775,0,1
4776,1,0
4777,0,1
4778,1,0
4779,0,1
4780,1,0
4781,0,1
4782,1,0
4783,0,1
4784,1,0
4785,0,1
4786,1,0
4787,0,1
4788,1,0
4789,0,1
4790,1,0
4791,0,1
4792,1,0
4793,0,1
4794,1,0
4795,0,1
4796,1,0
4797,0,1
4798,1,0
4799,0,1
4800,1,0
4801,0,1
4802,1,0
4803,0,1
4804,1,0
4805,0,1
4806,1,0
4807,0,1
4808,1,0
4809,0,1
4810,1,0
4811,0,1
4812,0,0
4813,1,0
4814,0,1
4815,1,0
4816,0,1
4817,1,0
4818,0,1
4819,1,0
4820,0,1
4821,1,0
4822,1,1
4823,1,1
4824,0,1
4825,1,0
4826,0,1
4827,1,0
4828,0,1
4829,1,0
4830,0,1
4831,1,0
4832,0,1
4833,1,0
4834,0,1
4835,1,0
4836,0,1
4837,1,0
4838,0,1
4839,1,0
4840,0,1
4841,1,0
4842,0,1
4843,1,0
4844,0,1
4845,1,0
4846,0,1
4847,1,0
4848,0,1
4849,1,0
4850,0,1
4851,1,0
4852,0,1
4853,1,0
4854,0,1
4855,1,0
4856,0,1
4857,1,0
4858,0,1
4859,1,0
4860,0,1
4861,1,0
4862,1,1
4863,0,1
4864,1,0
4865,0,1
4866,1,0
4867,0,1
4868,1,0
4869,1,1
4870,0,1
4871,1,0
4872,0,1
4873,1,0
4874,0,1
4875,1,0
4876,0,1
4877,1,0
4878,0,1
4879,1,0
4880,0,1
4881,1,0
4882,0,1
4883,1,0
4884,0,1
4885,1,0
4886,0,1
4887,1,0
4888,0,1
4889,1,0
4890,0,1
4891,1,0
4892,0,1
4893,1,0
4894,0,1
4895,1,0
4896,0,1
4897,0,0
4898,1,0
4899,0,1
4900,1,0
4901,0,1
4902,0,0
4903,1,0
4904,0,1
4905,1,0
4906,0,1
4907,1,0
4908,0,1
4909,1,0
4910,0,1
4911,1,0
4912,0,1
4913,1,0
4914,0,1
4915,1,0
4916,0,1
4917,1,0
4918,0,1
4919,1,0
4920,0,1
4921,0,0
4922,1,0
4923,0,1
4924,1,0
4925,0,1
4926,1,0
4927,0,1
4928,1,0
4929,0,1
4930,1,0
4931,0,1
4932,1,0
4933,0,1
4934,1,0
4935,0,1
4936,1,0
4937,0,1
4938,1,0
4939,0,1
4940,1,0
4941,0,1
4942,1,0
4943,0,1
4944,1,0
4945,0,1
4946,1,0
4947,0,1
4948,1,0
4949,0,1
4950,1,0
4951,0,1
4952,1,0
4953,0,1
4954,1,0
4955,0,1
4956,1,0
4957,0,1
4958,1,0
4959,1,1
4960,0,1
4961,1,0
4962,1,1
4963,0,1
4964,1,0
4965,0,1
4966,1,0
4967,0,1
4968,1,0
4969,0,1
4970,1,0
4971,0,1
4972,1,0
4973,0,1
4974,1,0
4975,0,1
4976,1,0
4977,0,1
4978,1,0
4979,0,1
4980,1,0
4981,0,1
4982,1,0
4983,0,1
4984,1,0
4985,0,1
4986,1,0
4987,0,1
4988,1,0
4989,0,1
4990,1,0
4991,0,1
4992,1,0
4993,0,1
4994,1,0
4995,0,1
4996,1,0
4997,0,1
4998,1,0
4999,0,1
5000,0,0
5001,1,0
5002,0,1
5003,1,0
5004,0,1
5005,1,0
5006,0,1
5007,0,0
5008,1,0
5009,0,1
5010,1,0
5011,0,1
5012,1,0
5013,0,1
5014,1,0
5015,0,1
5016,1,0
5017,0,1
5018,1,0
5019,0,1
5020,1,0
5021,0,1
5022,1,0
5023,0,1
5024,1,0
5025,0,1
5026,0,0
5027,1,0
5028,0,1
5029,1,0
5030,0,1
5031,1,0
5032,0,1
5033,1,0
5034,0,1
5035,1,0
5036,0,1
5037,1,0
5038,0,1
5039,1,0
5040,0,1
5041,1,0
5042,0,1
5043,1,0
5044,0,1
5045,1,0
5046,0,1
5047,0,0
5048,1,0
5049,0,1
5050,1,0
5051,0,1
5052,1,0
5053,0,1
5054,1,0
5055,0,1
5056,1,0
5057,0,1
5058,1,0
5059,0,1
5060,1,0
5061,0,1
5062,1,0
5063,0,1
5064,1,0
5065,0,1
5066,0,0
5067,1,0
5068,0,1
5069,1,0
5070,0,1
5071,1,0
5072,0,1
5073,1,0
5074,0,1
5075,1,0
5076,0,1
5077,1,0
5078,0,1
5079,1,0
5080,0,1
5081,1,0
5082,0,1
5083,1,0
5084,0,1
5085,0,0
5086,1,0
5087,0,1
5088,1,0
5089,0,1
5090,1,0
5091,0,1
5092,1,0
5093,0,1
5094,1,0
5095,0,1
5096,1,0
5097,0,1
5098,1,0
5099,0,1
5100,0,0
5101,1,0
5102,1,1
5103,0,1
5104,1,0
5105,0,1
5106,0,0
5107,1,0
5108,0,1
5109,1,0
5110,0,1
5111,1,0
5112,0,1
5113,1,0
5114,0,1
5115,1,0
5116,0,1
5117,1,0
5118,0,1
5119,1,0
5120,0,1
5121,1,0
5122,0,1
5123,1,0
5124,0,1
5125,1,0
5126,0,1
5127,1,0
5128,0,1
5129,1,0
5130,0,1
5131,1,0
5132,0,1
5133,1,0
5134,0,1
5135,1,0
5136,0,1
5137,1,0
5138,0,1
5139,1,0
5140,0,1
5141,1,0
5142,0,1
5143,1,0
5144,0,1
5145,1,0
5146,0,1
5147,1,0
5148,0,1
5149,1,0
5150,0,1
5151,1,0
5152,1,1
5153,0,1
5154,1,0
5155,0,1
5156,1,0
5157,0,1
5158,1,0
5159,0,1
5160,1,0
5161,0,1
5162,1,0
5163,0,1
5164,1,0
5165,0,1
5166,1,0
5167,0,1
5168,1,0
5169,0,1
5170,1,0
5171,0,1
5172,1,0
5173,0,1
5174,1,0
5175,0,1
5176,1,0
5177,0,1
5178,1,0
5179,0,1
5180,1,0
5181,0,1
5182,1,0
5183,0,1
5184,1,0
5185,0,1
5186,1,0
5187,0,1
5188,1,0
5189,0,1
5190,1,0
5191,0,1
5192,1,0
5193,0,1
5194,1,0
5195,0,1
5196,1,0
5197,0,1
5198,1,0
5199,0,1
5200,1,0
5201,0,1
5202,1,0
5203,0,1
5204,1,0
5205,0,1
5206,1,0
5207,0,1
5208,1,0
5209,0,1
5210,1,0
5211,0,1
5212,1,0
5213,0,1
5214,1,0
5215,0,1
5216,1,0
5217,0,1
5218,1,0
5219,0,1
5220,1,0
5221,0,1
5222,1,0
5223,0,1
5224,1,0
5225,1,1
5226,0,1
5227,1,0
5228,0,1
5229,1,0
5230,0,1
5231,1,0
5232,0,1
5233,1,0
5234,0,1
5235,1,0
5236,0,1
5237,1,0
5238,0,1
5239,1,0
5240,0,1
5241,1,0
5242,0,1
5243,1,0
5244,0,1
5245,0,0
5246,1,0
5247,0,1
5248,1,0
5249,0,1
5250,1,0
5251,0,1
5252,1,0
5253,0,1
5254,1,0
5255,0,1
5256,1,0
5257,0,1
5258,1,0
5259,0,1
5260,1,0
5261,0,1
5262,1,0
5263,0,1
5264,1,0
5265,0,1
5266,1,0
5267,0,1
5268,1,0
5269,0,1
5270,1,0
5271,1,1
5272,0,1
5273,0,0
5274,1,0
5275,0,1
5276,1,0
5277,0,1
5278,1,0
5279,0,1
5280,1,0
5281,0,1
5282,1,0
5283,0,1
5284,1,0
5285,0,1
5286,1,0
5287,0,1
5288,1,0
5289,0,1
5290,1,0
5291,0,1
5292,1,0
5293,0,1
5294,1,0
5295,1,1
5296,0,1
5297,1,0
5298,0,1
5299,1,0
5300,0,1
5301,1,0
5302,0,1
5303,1,0
5304,0,1
5305,1,0
5306,0,1
5307,1,0
5308,0,1
5309,0,0
5310,1,0
5311,0,1
5312,1,0
5313,0,1
5314,1,0
5315,1,1
5316,0,1
5317,1,0
5318,0,1
5319,1,0
5320,0,1
5321,1,0
5322,0,1
5323,1,0
5324,0,1
5325,1,0
5326,0,1
5327,1,0
5328,0,1
5329,1,0
5330,0,1
5331,1,0
5332,0,1
5333,1,0
5334,0,1
5335,1,0
5336,0,1
5337,1,0
5338,0,1
5339,1,0
5340,0,1
5341,1,0
5342,0,1
5343,1,0
5344,0,1
5345,1,0
5346,0,1
5347,1,0
5348,0,1
5349,1,0
5350,0,1
5351,0,0
5352,1,0
5353,0,1
5354,1,0
5355,0,1
5356,1,0
5357,0,1
5358,1,0
5359,0,1
5360,1,0
5361,0,1
5362,1,0
5363,0,1
5364,1,0
5365,0,1
5366,1,0
5367,0,1
5368,1,0
5369,0,1
5370,1,0
5371,0,1
5372,1,0
5373,0,1
5374,1,0
5375,0,1
5376,1,0
5377,0,1
5378,1,0
5379,0,1
5380,1,0
5381,0,1
5382,1,0
5383,0,1
5384,1,0
5385,0,1
5386,1,0
5387,1,1
5388,0,1
5389,1,0
5390,0,1
5391,0,0
5392,1,0
5393,0,1
5394,1,0
5395,0,1
5396,1,0
5397,0,1
5398,1,0
5399,0,1
5400,1,0
5401,0,1
5402,1,0
5403,0,1
5404,1,0
5405,0,1
5406,1,0
5407,1,1
5408,0,1
5409,1,0
5410,0,1
5411,1,0
5412,0,1
5413,1,0
5414,0,1
5415,1,0
5416,0,1
5417,1,0
5418,0,1
5419,1,0
5420,0,1
5421,1,0
5422,0,1
5423,1,0
5424,0,1
5425,1,0
5426,0,1
5427,1,0
5428,0,1
5429,1,0
5430,0,1
5431,1,0
5432,0,1
5433,1,0
5434,0,1
5435,1,0
5436,0,1
5437,1,0
5438,0,1
5439,1,0
5440,0,1
5441,1,0
5442,0,1
5443,1,0
5444,0,1
5445,1,0
5446,0,1
5447,1,0
5448,0,1
5449,1,0
5450,0,1
5451,1,0
5452,0,1
5453,1,0
5454,0,1
5455,1,0
5456,0,1
5457,1,0
5458,0,1
5459,1,0
5460,0,1
5461,1,0
5462,0,1
5463,1,0
5464,0,1
5465,1,0
5466,0,1
5467,1,0
5468,0,1
5469,1,0
5470,0,1
5471,0,0
5472,1,0
5473,0,1
5474,1,0
5475,0,1
5476,1,0
5477,0,1
5478,1,0
5479,0,1
5480,1,0
5481,0,1
5482,1,0
5483,0,1
5484,1,0
5485,0,1
5486,1,0
5487,1,1
5488,0,1
5489,1,0
5490,0,1
5491,1,0
5492,0,1
5493,1,0
5494,0,1
5495,1,0
5496,0,1
5497,1,0
5498,0,1
5499,1,0
5500,0,1
5501,1,0
5502,0,1
5503,1,0
5504,0,1
5505,1,0
5506,0,1
5507,1,0
5508,0,1
5509,1,0
5510,0,1
5511,1,0
5512,0,1
5513,1,0
5514,0,1
5515,1,0
5516,0,1
5517,1,0
5518,0,1
5519,1,0
5520,0,1
5521,1,0
5522,0,1
5523,1,0
5524,0,1
5525,1,0
5526,0,1
5527,1,0
5528,0,1
5529,1,0
5530,0,1
5531,1,0
5532,0,1
5533,1,0
5534,0,1
5535,1,0
5536,0,1
5537,1,0
5538,0,1
5539,1,0
5540,0,1
5541,1,0
5542,0,1
5543,1,0
5544,0,1
5545,0,0
5546,1,0
5547,0,1
5548,1,0
5549,0,1
5550,1,0
5551,0,1
5552,1,0
5553,0,1
5554,1,0
5555,0,1
5556,1,0
5557,0,1
5558,1,0
5559,0,1
5560,1,0
5561,0,1
5562,1,0
5563,0,1
5564,1,0
5565,0,1
5566,1,0
5567,0,1
5568,1,0
5569,0,1
5570,1,0
5571,0,1
5572,1,0
5573,0,1
5574,0,0
5575,1,0
5576,0,1
5577,1,0
5578,0,1
5579,1,0
5580,0,1
5581,1,0
5582,0,1
5583,1,0
5584,0,1
5585,1,0
5586,0,1
5587,1,0
5588,0,1
5589,1,0
5590,0,1
5591,1,0
5592,0,1
5593,1,0
5594,0,1
5595,1,0
5596,0,1
5597,0,0
5598,1,0
5599,0,1
5600,1,0
5601,0,1
5602,1,0
5603,0,1
5604,1,0
5605,0,1
5606,1,0
5607,0,1
5608,1,0
5609,0,1
5610,1,0
5611,0,1
5612,1,0
5613,0,1
5614,1,0
5615,0,1
5616,1,0
5617,0,1
5618,1,0
5619,0,1
5620,1,0
5621,0,1
5622,1,0
5623,0,1
5624,1,0
5625,0,1
5626,1,0
5627,0,1
5628,1,0
5629,0,1
5630,1,0
5631,0,1
5632,1,0
5633,1,1
5634,0,1
5635,0,0
5636,1,0
5637,0,1
5638,1,0
5639,0,1
5640,1,0
5641,0,1
5642,1,0
5643,0,1
5644,1,0
5645,0,1
5646,1,0
5647,0,1
5648,1,0
5649,0,1
5650,1,0
5651,0,1
5652,1,0
5653,0,1
5654,1,0
5655,0,1
5656,1,0
5657,0,1
5658,1,0
5659,0,1
5660,0,0
5661,1,0
5662,0,1
5663,1,0
5664,0,1
5665,1,0
5666,0,1
5667,1,0
5668,0,1
5669,1,0
5670,0,1
5671,1,0
5672,0,1
5673,1,0
5674,0,1
5675,1,0
5676,0,1
5677,1,0
5678,0,1
5679,1,0
5680,0,1
5681,1,0
5682,0,1
5683,1,0
5684,0,1
5685,1,0
5686,0,1
5687,1,0
5688,0,1
5689,1,0
5690,0,1
5691,1,0
5692,0,1
5693,1,0
5694,0,1
5695,1,0
5696,0,1
5697,1,0
5698,0,1
5699,1,0
5700,1,1
5701,0,1
5702,1,0
5703,0,1
5704,0,0
5705,0,0
5706,1,0
5707,0,1
5708,1,0
5709,0,1
5710,0,0
5711,1,0
5712,0,1
5713,1,0
5714,0,1
5715,1,0
5716,0,1
5717,1,0
5718,0,1
5719,1,0
5720,0,1
5721,1,0
5722,0,1
5723,1,0
5724,0,1
5725,1,0
5726,0,1
5727,1,0
5728,0,1
5729,1,0
5730,0,1
5731,1,0
5732,0,1
5733,1,0
5734,0,1
5735,1,0
5736,0,1
5737,1,0
5738,0,1
5739,1,0
5740,0,1
5741,1,0
5742,0,1
5743,1,0
5744,0,1
5745,1,0
5746,0,1
5747,1,0
5748,0,1
5749,1,0
5750,0,1
5751,1,0
5752,0,1
5753,1,0
5754,0,1
5755,1,0
5756,0,1
5757,1,0
5758,0,1
5759,1,0
5760,0,1
5761,1,0
5762,0,1
5763,1,0
5764,0,1
5765,1,0
5766,0,1
5767,1,0
5768,0,1
5769,1,0
5770,0,1
5771,1,0
5772,0,1
5773,1,0
5774,0,1
5775,0,0
5776,1,0
5777,0,1
5778,1,0
5779,0,1
5780,1,0
5781,0,1
5782,1,0
5783,0,1
5784,1,0
5785,0,1
5786,1,0
5787,0,1
5788,0,0
5789,1,0
5790,0,1
5791,1,0
5792,0,1
5793,1,0
5794,0,1
5795,0,0
5796,1,0
5797,0,1
5798,1,0
5799,0,1
5800,0,0
5801,1,0
5802,1,1
5803,0,1
5804,1,0
5805,0,1
5806,1,0
5807,0,1
5808,1,0
5809,0,1
5810,1,0
5811,0,1
5812,1,0
5813,0,1
5814,1,0
5815,0,1
5816,1,0
5817,0,1
5818,1,0
5819,0,1
5820,1,0
5821,0,1
5822,1,0
5823,0,1
5824,1,0
5825,0,1
5826,1,0
5827,0,1
5828,1,0
5829,0,1
5830,1,0
5831,0,1
5832,1,0
5833,0,1
5834,1,0
5835,0,1
5836,1,0
5837,0,1
5838,1,0
5839,0,1
5840,1,0
5841,0,1
5842,1,0
5843,0,1
5844,1,0
5845,0,1
5846,1,0
5847,0,1
5848,1,0
5849,0,1
5850,1,0
5851,0,1
5852,1,0
5853,0,1
5854,1,0
5855,0,1
5856,1,0
5857,0,1
5858,1,0
5859,0,1
5860,1,0
5861,0,1
5862,0,0
5863,1,0
5864,0,1
5865,1,0
5866,0,1
5867,1,0
5868,0,1
5869,0,0
5870,1,0
5871,0,1
5872,1,0
5873,0,1
5874,1,0
5875,0,1
5876,1,0
5877,0,1
5878,1,0
5879,0,1
5880,1,0
5881,0,1
5882,1,0
5883,0,1
5884,1,0
5885,0,1
5886,1,0
5887,0,1
5888,1,0
5889,0,1
5890,1,0
5891,0,1
5892,1,0
5893,0,1
5894,1,0
5895,0,1
5896,1,0
5897,0,1
5898,1,0
5899,0,1
5900,1,0
5901,0,1
5902,1,0
5903,0,1
5904,0,0
5905,1,0
5906,0,1
5907,1,0
5908,0,1
5909,1,0
5910,0,1
5911,1,0
5912,0,1
5913,0,0
5914,0,0
5915,1,0
5916,0,1
5917,1,0
5918,0,1
5919,1,0
5920,0,1
5921,1,0
5922,0,1
5923,1,0
5924,0,1
5925,1,0
5926,0,1
5927,1,0
5928,0,1
5929,1,0
5930,0,1
5931,1,0
5932,0,1
5933,1,0
5934,0,1
5935,1,0
5936,0,1
5937,1,0
5938,0,1
5939,1,0
5940,0,1
5941,1,0
5942,0,1
5943,1,0
5944,0,1
5945,1,0
5946,0,1
5947,1,0
5948,0,1
5949,1,0
5950,1,1
5951,0,1
5952,1,0
5953,0,1
5954,1,0
5955,0,1
5956,1,0
5957,0,1
5958,1,0
5959,0,1
5960,1,0
5961,0,1
5962,1,0
5963,0,1
5964,1,0
5965,0,1
5966,1,0
5967,0,1
5968,1,0
5969,0,1
5970,1,0
5971,0,1
5972,1,0
5973,0,1
5974,1,0
5975,0,1
5976,1,0
5977,0,1
5978,1,0
5979,0,1
5980,1,0
5981,0,1
5982,1,0
5983,0,1
5984,1,0
5985,0,1
5986,1,0
5987,0,1
5988,1,0
5989,0,1
5990,1,0
5991,0,1
5992,1,0
5993,0,1
5994,1,0
5995,0,1
5996,1,0
5997,0,1
5998,1,0
5999,0,1
6000,1,0
6001,0,1
6002,1,0
6003,0,1
6004,1,0
6005,0,1
6006,1,0
6007,0,1
6008,1,0
6009,0,1
6010,1,0
6011,0,1
6012,1,0
6013,0,1
6014,1,0
6015,0,1
6016,1,0
6017,0,1
6018,1,0
6019,0,1
6020,1,0
6021,0,1
6022,1,0
6023,0,1
6024,1,0
6025,0,1
6026,1,0
6027,0,1
6028,1,0
6029,0,1
6030,1,0
6031,0,1
6032,1,0
6033,0,1
6034,1,0
6035,0,1
6036,1,0
6037,0,1
6038,1,0
6039,1,1
6040,1,1
6041,0,1
6042,0,0
6043,1,0
6044,0,1
6045,1,0
6046,0,1
6047,0,0
6048,1,0
6049,0,1
6050,1,0
6051,0,1
6052,1,0
6053,0,1
6054,1,0
6055,0,1
6056,1,0
6057,0,1
6058,1,0
6059,0,1
6060,1,0
6061,0,1
6062,1,0
6063,0,1
6064,1,0
6065,0,1
6066,1,0
6067,0,1
6068,1,0
6069,0,1
6070,1,0
6071,0,1
6072,1,0
6073,0,1
6074,1,0
6075,0,1
6076,1,0
6077,0,1
6078,1,0
6079,0,1
6080,1,0
6081,0,1
6082,1,0
6083,0,1
6084,1,0
6085,0,1
6086,1,0
6087,0,1
6088,1,0
6089,0,1
6090,1,0
6091,0,1
6092,1,0
6093,1,1
6094,0,1
6095,1,0
6096,0,1
6097,1,0
6098,0,1
6099,1,0
6100,0,1
6101,1,0
6102,0,1
6103,0,0
6104,1,0
6105,0,1
6106,1,0
6107,0,1
6108,1,0
6109,0,1
6110,1,0
6111,0,1
6112,1,0
6113,0,1
6114,1,0
6115,0,1
6116,1,0
6117,0,1
6118,1,0
6119,0,1
6120,1,0
6121,0,1
6122,1,0
6123,0,1
6124,1,0
6125,0,1
6126,1,0
6127,0,1
6128,1,0
6129,0,1
6130,1,0
6131,0,1
6132,1,0
6133,0,1
6134,1,0
6135,0,1
6136,1,0
6137,1,1
6138,0,1
6139,1,0
6140,0,1
6141,1,0
6142,0,1
6143,1,0
6144,1,1
6145,0,1
6146,1,0
6147,0,1
6148,1,0
6149,0,1
6150,1,0
6151,0,1
6152,1,0
6153,0,1
6154,1,0
6155,0,1
6156,1,0
6157,0,1
6158,1,0
6159,0,1
6160,1,0
6161,0,1
6162,1,0
6163,0,1
6164,1,0
6165,0,1
6166,1,0
6167,0,1
6168,1,0
6169,0,1
6170,1,0
6171,0,1
6172,1,0
6173,0,1
6174,1,0
6175,0,1
6176,1,0
6177,0,1
6178,0,0
6179,1,0
6180,0,1
6181,1,0
6182,0,1
6183,1,0
6184,0,1
6185,1,0
6186,0,1
6187,1,0
6188,0,1
6189,1,0
6190,0,1
6191,1,0
6192,0,1
6193,1,0
6194,0,1
6195,1,0
6196,0,1
6197,1,0
6198,0,1
6199,1,0
6200,0,1
6201,1,0
6202,0,1
6203,1,0
6204,0,1
6205,1,0
6206,0,1
6207,1,0
6208,0,1
6209,1,0
6210,0,1
6211,1,0
6212,0,1
6213,1,0
6214,0,1
6215,1,0
6216,0,1
6217,1,0
6218,0,1
6219,1,0
6220,0,1
6221,1,0
6222,0,1
6223,1,0
6224,0,1
6225,1,0
6226,0,1
6227,1,0
6228,0,1
6229,1,0
6230,0,1
6231,1,0
6232,0,1
6233,1,0
6234,0,1
6235,1,0
6236,0,1
6237,1,0
6238,0,1
6239,1,0
6240,0,1
6241,1,0
6242,0,1
6243,1,0
6244,0,1
6245,1,0
6246,0,1
6247,1,0
6248,0,1
6249,1,0
6250,0,1
6251,1,0
6252,0,1
6253,1,0
6254,0,1
6255,1,0
6256,0,1
6257,1,0
6258,0,1
6259,1,0
6260,0,1
6261,1,0
6262,0,1
6263,0,0
6264,1,0
6265,0,1
6266,1,0
6267,0,1
6268,1,0
6269,0,1
6270,1,0
6271,0,1
6272,1,0
6273,0,1
6274,1,0
6275,0,1
6276,1,0
6277,0,1
6278,1,0
6279,0,1
6280,1,0
6281,1,1
6282,0,1
6283,1,0
6284,0,1
6285,1,0
6286,0,1
6287,0,0
6288,1,0
6289,0,1
6290,1,0
6291,0,1
6292,1,0
6293,0,1
6294,1,0
6295,0,1
6296,1,0
6297,0,1
6298,0,0
6299,1,0
6300,0,1
6301,1,0
6302,0,1
6303,1,0
6304,0,1
6305,1,0
6306,0,1
6307,1,0
6308,0,1
6309,1,0
6310,0,1
6311,1,0
6312,0,1
6313,1,0
6314,0,1
6315,1,0
6316,0,1
6317,1,0
6318,0,1
6319,1,0
6320,0,1
6321,1,0
6322,0,1
6323,1,0
6324,0,1
6325,1,0
6326,0,1
6327,1,0
6328,0,1
6329,1,0
6330,0,1
6331,1,0
6332,0,1
6333,1,0
6334,0,1
6335,1,0
6336,0,1
6337,1,0
6338,0,1
6339,1,0
6340,0,1
6341,1,0
6342,0,1
6343,1,0
6344,1,1
6345,0,1
6346,1,0
6347,0,1
6348,1,0
6349,0,1
6350,1,0
6351,0,1
6352,1,0
6353,0,1
6354,1,0
6355,0,1
6356,1,0
6357,0,1
6358,1,0
6359,0,1
6360,1,0
6361,0,1
6362,1,0
6363,0,1
6364,1,0
6365,0,1
6366,1,0
6367,0,1
6368,1,0
6369,0,1
6370,1,0
6371,0,1
6372,1,0
6373,0,1
6374,1,0
6375,0,1
6376,1,0
6377,0,1
6378,1,0
6379,0,1
6380,1,0
6381,0,1
6382,1,0
6383,0,1
6384,1,0
6385,0,1
6386,1,0
6387,0,1
6388,1,0
6389,0,1
6390,1,0
6391,0,1
6392,1,0
6393,0,1
6394,1,0
6395,0,1
6396,1,0
6397,0,1
6398,1,0
6399,1,1
6400,0,1
6401,1,0
6402,0,1
6403,1,0
6404,0,1
6405,1,0
6406,0,1
6407,1,0
6408,0,1
6409,1,0
6410,0,1
6411,1,0
6412,0,1
6413,1,0
6414,0,1
6415,0,0
6416,1,0
6417,0,1
6418,1,0
6419,0,1
6420,1,0
6421,0,1
6422,1,0
6423,0,1
6424,1,0
6425,0,1
6426,1,0
6427,1,1
6428,0,1
6429,1,0
6430,0,1
6431,1,0
6432,0,1
6433,1,0
6434,1,1
6435,0,1
6436,1,0
6437,0,1
6438,1,0
6439,0,1
6440,1,0
6441,0,1
6442,1,0
6443,0,1
6444,1,0
6445,0,1
6446,1,0
6447,0,1
6448,1,0
6449,0,1
6450,1,0
6451,0,1
6452,1,0
6453,0,1
6454,1,0
6455,0,1
6456,1,0
6457,0,1
6458,1,0
6459,0,1
6460,1,0
6461,0,1
6462,1,0
6463,0,1
6464,1,0
6465,0,1
6466,1,0
6467,0,1
6468,1,0
6469,0,1
6470,1,0
6471,0,1
6472,1,0
6473,0,1
6474,1,0
6475,0,1
6476,1,0
6477,0,1
6478,1,0
6479,1,1
6480,0,1
6481,1,0
6482,0,1
6483,1,0
6484,0,1
6485,1,0
6486,0,1
6487,1,0
6488,0,1
6489,1,0
6490,0,1
6491,1,0
6492,0,1
6493,1,0
6494,0,1
6495,1,0
6496,1,1
6497,0,1
6498,1,0
6499,0,1
6500,1,0
6501,0,1
6502,1,0
6503,1,1
6504,0,1
6505,1,0
6506,0,1
6507,1,0
6508,0,1
6509,1,0
6510,0,1
6511,1,0
6512,0,1
6513,1,0
6514,0,1
6515,1,0
6516,1,1
6517,0,1
6518,1,0
6519,0,1
6520,1,0
6521,0,1
6522,1,0
6523,0,1
6524,1,0
6525,0,1
6526,1,0
6527,0,1
6528,1,0
6529,0,1
6530,1,0
6531,0,1
6532,1,0
6533,0,1
6534,1,0
6535,0,1
6536,1,0
6537,0,1
6538,1,0
6539,0,1
6540,1,0
6541,0,1
6542,1,0
6543,0,1
6544,1,0
6545,0,1
6546,1,0
6547,0,1
6548,1,0
6549,0,1
6550,1,0
6551,0,1
6552,1,0
6553,0,1
6554,1,0
6555,0,1
6556,1,0
6557,0,1
6558,1,0
6559,0,1
6560,1,0
6561,0,1
6562,1,0
6563,0,1
6564,1,0
6565,0,1
6566,1,0
6567,0,1
6568,1,0
6569,0,1
6570,1,0
6571,0,1
6572,1,0
6573,0,1
6574,1,0
6575,0,1
6576,1,0
6577,0,1
6578,1,0
6579,0,1
6580,1,0
6581,0,1
6582,1,0
6583,0,1
6584,1,0
6585,0,1
6586,1,0
6587,0,1
6588,1,0
6589,0,1
6590,1,0
6591,0,1
6592,1,0
6593,0,1
6594,1,0
6595,0,1
6596,1,0
6597,0,1
6598,1,0
6599,0,1
6600,1,0
6601,0,1
6602,1,0
6603,0,1
6604,1,0
6605,0,1
6606,1,0
6607,0,1
6608,1,0
6609,0,1
6610,1,0
6611,0,1
6612,1,0
6613,0,1
6614,1,0
6615,1,1
6616,1,1
6617,0,1
6618,0,0
6619,1,0
6620,1,1
6621,0,1
6622,1,0
6623,0,1
6624,0,0
6625,1,0
6626,0,1
6627,1,0
6628,0,1
6629,1,0
6630,0,1
6631,1,0
6632,0,1
6633,1,0
6634,0,1
6635,1,0
6636,0,1
6637,1,0
6638,0,1
6639,1,0
6640,0,1
6641,1,0
6642,0,1
6643,1,0
6644,0,1
6645,1,0
6646,0,1
6647,1,0
6648,0,1
6649,1,0
6650,0,1
6651,1,0
6652,0,1
6653,1,0
6654,0,1
6655,1,0
6656,0,1
6657,1,0
6658,0,1
6659,1,0
6660,0,1
6661,1,0
6662,0,1
6663,1,0
6664,0,1
6665,1,0
6666,0,1
6667,1,0
6668,0,1
6669,1,0
6670,0,1
6671,1,0
6672,0,1
6673,1,0
6674,0,1
6675,1,0
6676,0,1
6677,1,0
6678,0,1
6679,1,0
6680,0,1
6681,1,0
6682,0,1
6683,1,0
6684,0,1
6685,1,0
6686,0,1
6687,1,0
6688,0,1
6689,1,0
6690,0,1
6691,1,0
6692,0,1
6693,0,0
6694,1,0
6695,0,1
6696,1,0
6697,0,1
6698,1,0
6699,0,1
6700,1,0
6701,0,1
6702,1,0
6703,0,1
6704,1,0
6705,0,1
6706,1,0
6707,0,1
6708,1,0
6709,0,1
6710,1,0
6711,0,1
6712,1,0
6713,0,1
6714,1,0
6715,0,1
6716,1,0
6717,0,1
6718,1,0
6719,0,1
6720,1,0
6721,0,1
6722,1,0
6723,0,1
6724,1,0
6725,0,1
6726,1,0
6727,0,1
6728,1,0
6729,0,1
6730,1,0
6731,0,1
6732,1,0
6733,0,1
6734,1,0
6735,1,1
6736,0,1
6737,1,0
6738,0,1
6739,1,0
6740,0,1
6741,1,0
6742,0,1
6743,1,0
6744,0,1
6745,1,0
6746,0,1
6747,1,0
6748,0,1
6749,1,0
6750,0,1
6751,1,0
6752,0,1
6753,1,0
6754,1,1
6755,0,1
6756,1,0
6757,0,1
6758,1,0
6759,0,1
6760,0,0
6761,1,0
6762,0,1
6763,1,0
6764,0,1
6765,1,0
6766,0,1
6767,1,0
6768,0,1
6769,1,0
6770,0,1
6771,1,0
6772,0,1
6773,1,0
6774,0,1
6775,1,0
6776,1,1
6777,0,1
6778,1,0
6779,0,1
6780,1,0
6781,0,1
6782,1,0
6783,0,1
6784,1,0
6785,0,1
6786,1,0
6787,0,1
6788,1,0
6789,0,1
6790,1,0
6791,0,1
6792,1,0
6793,0,1
6794,1,0
6795,0,1
6796,1,0
6797,0,1
6798,1,0
6799,0,1
6800,1,0
6801,0,1
6802,1,0
6803,1,1
6804,0,1
6805,1,0
6806,0,1
6807,1,0
6808,0,1
6809,1,0
6810,0,1
6811,1,0
6812,0,1
6813,1,0
6814,0,1
6815,1,0
6816,0,1
6817,1,0
6818,0,1
6819,1,0
6820,0,1
6821,1,0
6822,0,1
6823,1,0
6824,0,1
6825,1,0
6826,0,1
6827,1,0
6828,0,1
6829,1,0
6830,0,1
6831,1,0
6832,0,1
6833,1,0
6834,0,1
6835,0,0
6836,1,0
6837,0,1
6838,1,0
6839,0,1
6840,1,0
6841,0,1
6842,1,0
6843,0,1
6844,0,0
6845,1,0
6846,0,1
6847,1,0
6848,0,1
6849,0,0
6850,1,0
6851,0,1
6852,0,0
6853,1,0
6854,0,1
6855,1,0
6856,0,1
6857,1,0
6858,0,1
6859,1,0
6860,0,1
6861,1,0
6862,0,1
6863,1,0
6864,0,1
6865,1,0
6866,0,1
6867,1,0
6868,0,1
6869,1,0
6870,0,1
6871,1,0
6872,0,1
6873,0,0
6874,1,0
6875,0,1
6876,1,0
6877,0,1
6878,1,0
6879,0,1
6880,1,0
6881,0,1
6882,0,0
6883,1,0
6884,0,1
6885,1,0
6886,0,1
6887,1,0
6888,0,1
6889,1,0
6890,0,1
6891,1,0
6892,1,1
6893,0,1
6894,0,0
6895,1,0
6896,0,1
6897,1,0
6898,0,1
6899,1,0
6900,0,1
6901,1,0
6902,0,1
6903,1,0
6904,0,1
6905,1,0
6906,0,1
6907,1,0
6908,0,1
6909,1,0
6910,0,1
6911,1,0
6912,0,1
6913,1,0
6914,0,1
6915,1,0
6916,0,1
6917,1,0
6918,0,1
6919,1,0
6920,0,1
6921,0,0
6922,1,0
6923,0,1
6924,1,0
6925,0,1
6926,1,0
6927,0,1
6928,1,0
6929,1,1
6930,0,1
6931,1,0
6932,0,1
6933,1,0
6934,0,1
6935,1,0
6936,0,1
6937,1,0
6938,0,1
6939,1,0
6940,0,1
6941,1,0
6942,0,1
6943,1,0
6944,0,1
6945,1,0
6946,0,1
6947,1,0
6948,0,1
6949,1,0
6950,0,1
6951,1,0
6952,0,1
6953,1,0
6954,0,1
6955,1,0
6956,0,1
6957,1,0
6958,0,1
6959,1,0
6960,0,1
6961,1,0
6962,0,1
6963,0,0
6964,1,0
6965,0,1
6966,1,0
6967,0,1
6968,1,0
6969,0,1
6970,1,0
6971,0,1
6972,1,0
6973,0,1
6974,1,0
6975,0,1
6976,1,0
6977,0,1
6978,1,0
6979,0,1
6980,1,0
6981,0,1
6982,1,0
6983,0,1
6984,0,0
6985,1,0
6986,0,1
6987,1,0
6988,0,1
6989,1,0
6990,0,1
6991,1,0
6992,0,1
6993,1,0
6994,0,1
6995,1,0
6996,0,1
6997,1,0
6998,0,1
6999,1,0
7000,0,1
7001,1,0
7002,0,1
7003,1,0
7004,0,1
7005,1,0
7006,0,1
7007,1,0
7008,0,1
7009,1,0
7010,0,1
7011,1,0
7012,0,1
7013,1,0
7014,0,1
7015,1,0
7016,0,1
7017,1,0
7018,0,1
7019,1,0
7020,0,1
7021,1,0
7022,0,1
7023,1,0
7024,0,1
7025,1,0
7026,0,1
7027,1,0
7028,1,1
7029,0,1
7030,1,0
7031,0,1
7032,1,0
7033,0,1
7034,1,0
7035,0,1
7036,1,0
7037,0,1
7038,1,0
7039,0,1
7040,1,0
7041,0,1
7042,1,0
7043,0,1
7044,1,0
7045,0,1
7046,1,0
7047,0,1
7048,1,0
7049,0,1
7050,1,0
7051,0,1
7052,0,0
7053,1,0
7054,0,1
7055,1,0
7056,0,1
7057,1,0
7058,0,1
7059,1,0
7060,0,1
7061,1,0
7062,0,1
7063,1,0
7064,0,1
7065,1,0
7066,0,1
7067,1,0
7068,0,1
7069,1,0
7070,0,1
7071,1,0
7072,0,1
7073,1,0
7074,0,1
7075,1,0
7076,0,1
7077,1,0
7078,0,1
7079,1,0
7080,0,1
7081,1,0
7082,0,1
7083,1,0
7084,0,1
7085,1,0
7086,0,1
7087,1,0
7088,0,1
7089,1,0
7090,0,1
7091,1,0
7092,0,1
7093,1,0
7094,0,1
7095,1,0
7096,0,1
7097,1,0
7098,0,1
7099,1,0
7100,0,1
7101,1,0
7102,0,1
7103,1,0
7104,0,1
7105,1,0
7106,0,1
7107,1,0
7108,0,1
7109,1,0
7110,0,1
7111,1,0
7112,0,1
7113,1,0
7114,0,1
7115,1,0
7116,0,1
7117,1,0
7118,0,1
7119,1,0
7120,0,1
7121,1,0
7122,0,1
7123,1,0
7124,0,1
7125,1,0
7126,0,1
7127,1,0
7128,0,1
7129,1,0
7130,0,1
7131,1,0
7132,0,1
7133,1,0
7134,0,1
7135,1,0
7136,0,1
7137,1,0
7138,0,1
7139,1,0
7140,0,1
7141,1,0
7142,1,1
7143,0,1
7144,1,0
7145,0,1
7146,1,0
7147,0,1
7148,1,0
7149,0,1
7150,1,0
7151,0,1
7152,1,0
7153,0,1
7154,1,0
7155,0,1
7156,1,0
7157,0,1
7158,1,0
7159,0,1
7160,1,0
7161,0,1
7162,1,0
7163,0,1
7164,1,0
7165,0,1
7166,1,0
7167,0,1
7168,1,0
7169,0,1
7170,1,0
7171,0,1
7172,0,0
7173,1,0
7174,0,1
7175,1,0
7176,0,1
7177,1,0
7178,0,1
7179,0,0
7180,1,0
7181,0,1
7182,1,0
7183,0,1
7184,1,0
7185,0,1
7186,1,0
7187,0,1
7188,1,0
7189,0,1
7190,1,0
7191,0,1
7192,1,0
7193,0,1
7194,1,0
7195,0,1
7196,1,0
7197,1,1
7198,0,1
7199,1,0
7200,0,1
7201,1,0
7202,0,1
7203,1,0
7204,0,1
7205,1,0
7206,0,1
7207,1,0
7208,0,1
7209,1,0
7210,0,1
7211,1,0
7212,0,1
7213,1,0
7214,0,1
7215,1,0
7216,0,1
7217,1,0
7218,0,1
7219,1,0
7220,0,1
7221,1,0
7222,0,1
7223,1,0
7224,0,1
7225,1,0
7226,0,1
7227,1,0
7228,0,1
7229,1,0
7230,0,1
7231,1,0
7232,0,1
7233,1,0
7234,0,1
7235,1,0
7236,0,1
7237,1,0
7238,0,1
7239,1,0
7240,0,1
7241,1,0
7242,0,1
7243,1,0
7244,0,1
7245,1,0
7246,0,1
7247,1,0
7248,0,1
7249,1,0
7250,0,1
7251,1,0
7252,0,1
7253,1,0
7254,0,1
7255,1,0
7256,0,1
7257,1,0
7258,0,1
7259,1,0
7260,0,1
7261,1,0
7262,0,1
7263,1,0
7264,0,1
7265,0,0
7266,1,0
7267,0,1
7268,1,0
7269,0,1
7270,1,0
7271,0,1
7272,1,0
7273,0,1
7274,1,0
7275,0,1
7276,1,0
7277,0,1
7278,0,0
7279,1,0
7280,0,1
7281,1,0
7282,0,1
7283,1,0
7284,0,1
7285,1,0
7286,0,1
7287,1,0
7288,0,1
7289,1,0
7290,0,1
7291,1,0
7292,0,1
7293,1,0
7294,0,1
7295,1,0
7296,0,1
7297,1,0
7298,0,1
7299,1,0
7300,0,1
7301,1,0
7302,0,1
7303,1,0
7304,0,1
7305,1,0
7306,0,1
7307,1,0
7308,0,1
7309,1,0
7310,0,1
7311,1,0
7312,0,1
7313,1,0
7314,0,1
7315,1,0
7316,0,1
7317,1,0
7318,0,1
7319,1,0
7320,0,1
7321,1,0
7322,0,1
7323,1,0
7324,0,1
7325,1,0
7326,0,1
7327,1,0
7328,0,1
7329,1,0
7330,0,1
7331,1,0
7332,0,1
7333,1,0
7334,0,1
7335,1,0
7336,0,1
7337,1,0
7338,0,1
7339,1,0
7340,0,1
7341,1,0
7342,0,1
7343,1,0
7344,0,1
7345,1,0
7346,0,1
7347,1,0
7348,0,1
7349,1,0
7350,0,1
7351,1,0
7352,0,1
7353,1,0
7354,0,1
7355,1,0
7356,0,1
7357,1,0
7358,0,1
7359,1,0
7360,0,1
7361,1,0
7362,0,1
7363,1,0
7364,0,1
7365,1,0
7366,0,1
7367,1,0
7368,0,1
7369,1,0
7370,0,1
7371,1,0
7372,0,1
7373,1,0
7374,0,1
7375,1,0
7376,0,1
7377,1,0
7378,0,1
7379,1,0
7380,0,1
7381,1,0
7382,0,1
7383,1,0
7384,0,1
7385,1,0
7386,0,1
7387,1,0
7388,0,1
7389,1,0
7390,0,1
7391,1,0
7392,0,1
7393,1,0
7394,0,1
7395,0,0
7396,0,0
7397,1,0
7398,0,1
7399,0,0
7400,1,0
7401,0,1
7402,1,0
7403,0,1
7404,1,0
7405,0,1
7406,1,0
7407,0,1
7408,1,0
7409,0,1
7410,1,0
7411,0,1
7412,1,0
7413,0,1
7414,1,0
7415,0,1
7416,1,0
7417,0,1
7418,1,0
7419,0,1
7420,1,0
7421,0,1
7422,1,0
7423,0,1
7424,1,0
7425,0,1
7426,1,0
7427,0,1
7428,1,0
7429,0,1
7430,1,0
7431,0,1
7432,1,0
7433,0,1
7434,1,0
7435,0,1
7436,1,0
7437,0,1
7438,0,0
7439,1,0
7440,0,1
7441,1,0
7442,0,1
7443,1,0
7444,0,1
7445,0,0
7446,1,0
7447,0,1
7448,1,0
7449,0,1
7450,1,0
7451,0,1
7452,1,0
7453,0,1
7454,1,0
7455,0,1
7456,1,0
7457,0,1
7458,1,0
7459,0,1
7460,1,0
7461,0,1
7462,1,0
7463,0,1
7464,1,0
7465,1,1
7466,0,1
7467,1,0
7468,0,1
7469,1,0
7470,0,1
7471,1,0
7472,0,1
7473,1,0
7474,0,1
7475,1,0
7476,1,1
7477,0,1
7478,1,0
7479,0,1
7480,1,0
7481,0,1
7482,1,0
7483,0,1
7484,1,0
7485,0,1
7486,0,0
7487,1,0
7488,0,1
7489,1,0
7490,0,1
7491,0,0
7492,1,0
7493,0,1
7494,1,0
7495,0,1
7496,1,0
7497,0,1
7498,1,0
7499,0,1
7500,1,0
7501,0,1
7502,1,0
7503,0,1
7504,1,0
7505,0,1
7506,1,0
7507,0,1
7508,1,0
7509,0,1
7510,1,0
7511,0,1
7512,1,0
7513,0,1
7514,1,0
7515,0,1
7516,1,0
7517,0,1
7518,1,0
7519,0,1
7520,1,0
7521,0,1
7522,1,0
7523,0,1
7524,1,0
7525,0,1
7526,1,0
7527,0,1
7528,1,0
7529,0,1
7530,1,0
7531,0,1
7532,1,0
7533,0,1
7534,1,0
7535,0,1
7536,1,0
7537,0,1
7538,0,0
7539,1,0
7540,0,1
7541,1,0
7542,0,1
7543,1,0
7544,0,1
7545,1,0
7546,0,1
7547,0,0
7548,1,0
7549,1,1
7550,0,1
7551,1,0
7552,0,1
7553,1,0
7554,0,1
7555,1,0
7556,0,1
7557,1,0
7558,0,1
7559,1,0
7560,0,1
7561,1,0
7562,0,1
7563,1,0
7564,0,1
7565,1,0
7566,0,1
7567,1,0
7568,0,1
7569,1,0
7570,0,1
7571,1,0
7572,0,1
7573,1,0
7574,0,1
7575,1,0
7576,0,1
7577,1,0
7578,0,1
7579,1,0
7580,0,1
7581,1,0
7582,0,1
7583,1,0
7584,0,1
7585,1,0
7586,0,1
7587,1,0
7588,0,1
7589,1,0
7590,0,1
7591,1,0
7592,0,1
7593,1,0
7594,0,1
7595,1,0
7596,0,1
7597,1,0
7598,0,1
7599,1,0
7600,0,1
7601,1,0
7602,0,1
7603,0,0
7604,1,0
7605,0,1
7606,1,0
7607,0,1
7608,1,0
7609,0,1
7610,1,0
7611,0,1
7612,1,0
7613,0,1
7614,1,0
7615,0,1
7616,1,0
7617,0,1
7618,1,0
7619,0,1
7620,1,0
7621,0,1
7622,1,0
7623,0,1
7624,1,0
7625,0,1
7626,1,0
7627,0,1
7628,0,0
7629,1,0
7630,0,1
7631,1,0
7632,0,1
7633,1,0
7634,0,1
7635,1,0
7636,0,1
7637,0,0
7638,1,0
7639,0,1
7640,1,0
7641,0,1
7642,1,0
7643,0,1
7644,1,0
7645,0,1
7646,1,0
7647,0,1
7648,1,0
7649,0,1
7650,1,0
7651,0,1
7652,1,0
7653,0,1
7654,1,0
7655,0,1
7656,1,0
7657,0,1
7658,1,0
7659,0,1
7660,1,0
7661,0,1
7662,1,0
7663,0,1
7664,1,0
7665,0,1
7666,0,0
7667,1,0
7668,0,1
7669,1,0
7670,0,1
7671,1,0
7672,0,1
7673,1,0
7674,0,1
7675,1,0
7676,0,1
7677,1,0
7678,0,1
7679,1,0
7680,0,1
7681,0,0
7682,1,0
7683,0,1
7684,1,0
7685,0,1
7686,1,0
7687,0,1
7688,1,0
7689,0,1
7690,1,0
7691,0,1
7692,1,0
7693,0,1
7694,1,0
7695,0,1
7696,1,0
7697,0,1
7698,1,0
7699,0,1
7700,1,0
7701,0,1
7702,1,0
7703,0,1
7704,1,0
7705,0,1
7706,0,0
7707,1,0
7708,0,1
7709,1,0
7710,0,1
7711,1,0
7712,0,1
7713,1,0
7714,0,1
7715,1,0
7716,0,1
7717,1,0
7718,0,1
7719,1,0
7720,0,1
7721,1,0
7722,0,1
7723,1,0
7724,0,1
7725,1,0
7726,0,1
7727,1,0
7728,0,1
7729,1,0
7730,0,1
7731,1,0
7732,0,1
7733,1,0
7734,0,1
7735,1,0
7736,0,1
7737,0,0
7738,1,0
7739,0,1
7740,0,0
7741,0,0
7742,1,0
7743,0,1
7744,1,0
7745,0,1
7746,1,0
7747,0,1
7748,0,0
7749,1,0
7750,0,1
7751,1,0
7752,0,1
7753,1,0
7754,0,1
7755,1,0
7756,0,1
7757,1,0
7758,0,1
7759,1,0
7760,0,1
7761,1,0
7762,1,1
7763,0,1
7764,1,0
7765,0,1
7766,1,0
7767,0,1
7768,1,0
7769,0,1
7770,1,0
7771,0,1
7772,1,0
7773,0,1
7774,1,0
7775,0,1
7776,1,0
7777,1,1
7778,0,1
7779,1,0
7780,0,1
7781,1,0
7782,0,1
7783,1,0
7784,0,1
7785,1,0
7786,0,1
7787,1,0
7788,0,1
7789,0,0
7790,1,0
7791,0,1
7792,0,0
7793,1,0
7794,0,1
7795,1,0
7796,0,1
7797,1,0
7798,0,1
7799,1,0
7800,0,1
7801,1,0
7802,0,1
7803,1,0
7804,0,1
7805,1,0
7806,0,1
7807,1,0
7808,1,1
7809,0,1
7810,1,0
7811,0,1
7812,1,0
7813,0,1
7814,1,0
7815,0,1
7816,1,0
7817,0,1
7818,1,0
7819,0,1
7820,1,0
7821,0,1
7822,1,0
7823,0,1
7824,1,0
7825,0,1
7826,1,0
7827,0,1
7828,1,0
7829,0,1
7830,1,0
7831,0,1
7832,1,0
7833,1,1
7834,0,1
7835,0,0
7836,1,0
7837,0,1
7838,1,0
7839,0,1
7840,1,0
7841,1,1
7842,0,1
7843,1,0
7844,0,1
7845,1,0
7846,0,1
7847,1,0
7848,0,1
7849,1,0
7850,0,1
7851,1,0
7852,0,1
7853,1,0
7854,0,1
7855,1,0
7856,0,1
7857,1,0
7858,0,1
7859,1,0
7860,0,1
7861,1,0
7862,0,1
7863,1,0
7864,0,1
7865,0,0
7866,1,0
7867,0,1
7868,1,0
7869,0,1
7870,1,0
7871,0,1
7872,1,0
7873,0,1
7874,1,0
7875,0,1
7876,1,0
7877,0,1
7878,1,0
7879,0,1
7880,1,0
7881,0,1
7882,1,0
7883,0,1
7884,1,0
7885,0,1
7886,1,0
7887,0,1
7888,1,0
7889,0,1
7890,1,0
7891,0,1
7892,1,0
7893,0,1
7894,1,0
7895,0,1
7896,1,0
7897,0,1
7898,1,0
7899,0,1
7900,0,0
7901,1,0
7902,0,1
7903,1,0
7904,0,1
7905,1,0
7906,0,1
7907,0,0
7908,1,0
7909,0,1
7910,1,0
7911,0,1
7912,1,0
7913,0,1
7914,1,0
7915,0,1
7916,1,0
7917,0,1
7918,0,0
7919,1,0
7920,0,1
7921,1,0
7922,0,1
7923,1,0
7924,0,1
7925,1,0
7926,0,1
7927,1,0
7928,0,1
7929,1,0
7930,0,1
7931,1,0
7932,0,1
7933,0,0
7934,1,0
7935,0,1
7936,1,0
7937,0,1
7938,1,0
7939,0,1
7940,1,0
7941,0,1
7942,0,0
7943,1,0
7944,0,1
7945,1,0
7946,0,1
7947,1,0
7948,0,1
7949,1,0
7950,0,1
7951,1,0
7952,0,1
7953,1,0
7954,0,1
7955,1,0
7956,0,1
7957,1,0
7958,0,1
7959,1,0
7960,0,1
7961,1,0
7962,0,1
7963,1,0
7964,0,1
7965,1,0
7966,0,1
7967,1,0
7968,0,1
7969,1,0
7970,0,1
7971,1,0
7972,1,1
7973,0,1
7974,1,0
7975,0,1
7976,1,0
7977,0,1
7978,1,0
7979,0,1
7980,1,0
7981,0,1
7982,1,0
7983,0,1
7984,1,0
7985,0,1
7986,1,0
7987,0,1
7988,0,0
7989,1,0
7990,0,1
7991,1,0
7992,0,1
7993,1,0
7994,0,1
7995,1,0
7996,0,1
7997,1,0
7998,0,1
7999,1,0
8000,0,1
8001,1,0
8002,0,1
8003,1,0
8004,0,1
8005,1,0
8006,0,1
8007,1,0
8008,0,1
8009,1,0
8010,0,1
8011,1,0
8012,0,1
8013,1,0
8014,0,1
8015,0,0
8016,0,0
8017,1,0
8018,0,1
8019,1,0
8020,0,1
8021,0,0
8022,1,0
8023,0,1
8024,1,0
8025,0,1
8026,1,0
8027,0,1
8028,1,0
8029,0,1
8030,0,0
8031,1,0
8032,0,1
8033,1,0
8034,0,1
8035,1,0
8036,0,1
8037,1,0
8038,0,1
8039,1,0
8040,0,1
8041,1,0
8042,0,1
8043,1,0
8044,0,1
8045,1,0
8046,0,1
8047,0,0
8048,1,0
8049,1,1
8050,0,1
8051,1,0
8052,0,1
8053,1,0
8054,0,1
8055,1,0
8056,0,1
8057,1,0
8058,0,1
8059,1,0
8060,0,1
8061,0,0
8062,1,0
8063,0,1
8064,1,0
8065,0,1
8066,1,0
8067,0,1
8068,1,0
8069,0,1
8070,1,0
8071,0,1
8072,1,0
8073,0,1
8074,1,0
8075,0,1
8076,1,0
8077,0,1
8078,1,0
8079,1,1
8080,0,1
8081,1,0
8082,0,1
8083,1,0
8084,0,1
8085,1,0
8086,0,1
8087,1,0
8088,0,1
8089,1,0
8090,0,1
8091,1,0
8092,0,1
8093,1,0
8094,0,1
8095,1,0
8096,0,1
8097,1,0
8098,0,1
8099,1,0
8100,1,1
8101,0,1
8102,1,0
8103,0,1
8104,1,0
8105,0,1
8106,1,0
8107,0,1
8108,1,0
8109,0,1
8110,1,0
8111,0,1
8112,1,0
8113,0,1
8114,1,0
8115,0,1
8116,1,0
8117,0,1
8118,1,0
8119,0,1
8120,0,0
8121,1,0
8122,0,1
8123,1,0
8124,0,1
8125,1,0
8126,0,1
8127,1,0
8128,0,1
8129,1,0
8130,1,1
8131,0,1
8132,1,0
8133,0,1
8134,0,0
8135,0,0
8136,1,0
8137,0,1
8138,1,0
8139,0,1
8140,0,0
8141,1,0
8142,0,1
8143,1,0
8144,0,1
8145,1,0
8146,0,1
8147,1,0
8148,0,1
8149,1,0
8150,0,1
8151,1,0
8152,0,1
8153,1,0
8154,0,1
8155,1,0
8156,0,1
8157,1,0
8158,0,1
8159,1,0
8160,0,1
8161,1,0
8162,0,1
8163,1,0
8164,0,1
8165,1,0
8166,0,1
8167,1,0
8168,0,1
8169,1,0
8170,0,1
8171,1,0
8172,0,1
8173,1,0
8174,0,1
8175,1,0
8176,0,1
8177,1,0
8178,0,1
8179,1,0
8180,0,1
8181,1,0
8182,0,1
8183,1,0
8184,0,1
8185,1,0
8186,0,1
8187,1,0
8188,0,1
8189,1,0
8190,0,1
8191,1,0
8192,0,1
8193,1,0
8194,0,1
8195,1,0
8196,0,1
8197,1,0
8198,0,1
8199,1,0
8200,0,1
8201,1,0
8202,0,1
8203,1,0
8204,0,1
8205,1,0
8206,0,1
8207,1,0
8208,0,1
8209,1,0
8210,1,1
8211,0,1
8212,1,0
8213,0,1
8214,1,0
8215,0,1
8216,1,0
8217,0,1
8218,1,0
8219,0,1
8220,1,0
8221,0,1
8222,1,0
8223,0,1
8224,0,0
8225,1,0
8226,0,1
8227,1,0
8228,0,1
8229,1,0
8230,0,1
8231,1,0
8232,0,1
8233,1,0
8234,0,1
8235,1,0
8236,0,1
8237,1,0
8238,0,1
8239,1,0
8240,0,1
8241,1,0
8242,0,1
8243,1,0
8244,0,1
8245,1,0
8246,0,1
8247,1,0
8248,1,1
8249,0,1
8250,1,0
8251,0,1
8252,0,0
8253,1,0
8254,0,1
8255,0,0
8256,1,0
8257,0,1
8258,1,0
8259,0,1
8260,1,0
8261,0,1
8262,1,0
8263,0,1
8264,1,0
8265,0,1
8266,1,0
8267,0,1
8268,1,0
8269,0,1
8270,1,0
8271,0,1
8272,1,0
8273,0,1
8274,1,0
8275,0,1
8276,1,0
8277,0,1
8278,1,0
8279,0,1
8280,1,0
8281,0,1
8282,1,0
8283,0,1
8284,1,0
8285,0,1
8286,1,0
8287,0,1
8288,1,0
8289,0,1
8290,1,0
8291,0,1
8292,1,0
8293,0,1
8294,1,0
8295,1,1
8296,0,1
8297,1,0
8298,0,1
8299,1,0
8300,0,1
8301,1,0
8302,0,1
8303,1,0
8304,0,1
8305,1,0
8306,0,1
8307,1,0
8308,0,1
8309,1,0
8310,1,1
8311,0,1
8312,1,0
8313,0,1
8314,1,0
8315,0,1
8316,1,0
8317,0,1
8318,1,0
8319,0,1
8320,1,0
8321,0,1
8322,1,0
8323,0,1
8324,1,0
8325,0,1
8326,1,0
8327,0,1
8328,1,0
8329,0,1
8330,1,0
8331,0,1
8332,1,0
8333,0,1
8334,1,0
8335,0,1
8336,1,0
8337,0,1
8338,1,0
8339,0,1
8340,1,0
8341,0,1
8342,1,0
8343,0,1
8344,1,0
8345,0,1
8346,1,0
8347,0,1
8348,1,0
8349,0,1
8350,1,0
8351,0,1
8352,1,0
8353,0,1
8354,1,0
8355,0,1
8356,1,0
8357,0,1
8358,1,0
8359,0,1
8360,1,0
8361,0,1
8362,1,0
8363,0,1
8364,0,0
8365,1,0
8366,0,1
8367,1,0
8368,0,1
8369,1,0
8370,0,1
8371,1,0
8372,0,1
8373,1,0
8374,1,1
8375,0,1
8376,1,0
8377,0,1
8378,1,0
8379,0,1
8380,1,0
8381,0,1
8382,1,0
8383,0,1
8384,1,0
8385,0,1
8386,1,0
8387,1,1
8388,0,1
8389,1,0
8390,0,1
8391,1,0
8392,0,1
8393,1,0
8394,0,1
8395,1,0
8396,0,1
8397,1,0
8398,0,1
8399,1,0
8400,0,1
8401,1,0
8402,0,1
8403,1,0
8404,1,1
8405,0,1
8406,1,0
8407,0,1
8408,1,0
8409,0,1
8410,1,0
8411,0,1
8412,1,0
8413,0,1
8414,1,0
8415,0,1
8416,1,0
8417,0,1
8418,1,0
8419,0,1
8420,1,0
8421,0,1
8422,1,0
8423,0,1
8424,1,0
8425,0,1
8426,1,0
8427,0,1
8428,1,0
8429,0,1
8430,1,0
8431,0,1
8432,1,0
8433,0,1
8434,1,0
8435,0,1
8436,1,0
8437,0,1
8438,1,0
8439,0,1
8440,1,0
8441,0,1
8442,1,0
8443,1,1
8444,0,1
8445,1,0
8446,0,1
8447,1,0
8448,0,1
8449,1,0
8450,0,1
8451,1,0
8452,0,1
8453,1,0
8454,0,1
8455,1,0
8456,0,1
8457,1,0
8458,0,1
8459,1,0
8460,0,1
8461,1,0
8462,1,1
8463,0,1
8464,1,0
8465,0,1
8466,1,0
8467,0,1
8468,1,0
8469,0,1
8470,1,0
8471,0,1
8472,1,0
8473,0,1
8474,1,0
8475,0,1
8476,1,0
8477,0,1
8478,1,0
8479,0,1
8480,1,0
8481,0,1
8482,1,0
8483,0,1
8484,0,0
8485,1,0
8486,0,1
8487,1,0
8488,0,1
8489,1,0
8490,0,1
8491,0,0
8492,1,0
8493,0,1
8494,1,0
8495,0,1
8496,1,0
8497,0,1
8498,1,0
8499,0,1
8500,0,0
8501,0,0
8502,1,0
8503,0,1
8504,1,0
8505,0,1
8506,1,0
8507,0,1
8508,1,0
8509,0,1
8510,1,0
8511,0,1
8512,1,0
8513,0,1
8514,1,0
8515,0,1
8516,1,0
8517,0,1
8518,1,0
8519,0,1
8520,1,0
8521,0,1
8522,1,0
8523,0,1
8524,1,0
8525,0,1
8526,1,0
8527,0,1
8528,1,0
8529,0,1
8530,1,0
8531,0,1
8532,1,0
8533,0,1
8534,1,0
8535,0,1
8536,1,0
8537,0,1
8538,1,0
8539,0,1
8540,1,0
8541,0,1
8542,1,0
8543,0,1
8544,1,0
8545,0,1
8546,1,0
8547,0,1
8548,1,0
8549,0,1
8550,1,0
8551,0,1
8552,1,0
8553,0,1
8554,1,0
8555,0,1
8556,1,0
8557,0,1
8558,1,0
8559,1,1
8560,0,1
8561,1,0
8562,0,1
8563,1,0
8564,0,1
8565,1,0
8566,0,1
8567,1,0
8568,0,1
8569,1,0
8570,0,1
8571,1,0
8572,0,1
8573,1,0
8574,0,1
8575,1,0
8576,1,1
8577,0,1
8578,1,0
8579,0,1
8580,1,0
8581,1,1
8582,0,1
8583,1,0
8584,0,1
8585,1,0
8586,0,1
8587,1,0
8588,0,1
8589,1,0
8590,0,1
8591,1,0
8592,0,1
8593,1,0
8594,0,1
8595,1,0
8596,0,1
8597,1,0
8598,0,1
8599,1,0
8600,0,1
8601,1,0
8602,0,1
8603,1,0
8604,0,1
8605,1,0
8606,0,1
8607,1,0
8608,0,1
8609,1,0
8610,0,1
8611,1,0
8612,0,1
8613,1,0
8614,0,1
8615,1,0
8616,0,1
8617,1,0
8618,0,1
8619,1,0
8620,0,1
8621,1,0
8622,0,1
8623,1,0
8624,1,1
8625,0,1
8626,1,0
8627,0,1
8628,1,0
8629,0,1
8630,1,0
8631,0,1
8632,1,0
8633,0,1
8634,1,0
8635,1,1
8636,0,1
8637,1,0
8638,0,1
8639,1,0
8640,0,1
8641,1,0
8642,0,1
8643,1,0
8644,0,1
8645,1,0
8646,0,1
8647,1,0
8648,1,1
8649,0,1
8650,1,0
8651,0,1
8652,1,0
8653,0,1
8654,1,0
8655,0,1
8656,1,0
8657,0,1
8658,1,0
8659,0,1
8660,1,0
8661,0,1
8662,1,0
8663,0,1
8664,1,0
8665,0,1
8666,0,0
8667,1,0
8668,0,1
8669,1,0
8670,0,1
8671,1,0
8672,0,1
8673,1,0
8674,0,1
8675,1,0
8676,0,1
8677,1,0
8678,0,1
8679,1,0
8680,0,1
8681,1,0
8682,0,1
8683,1,0
8684,0,1
8685,1,0
8686,0,1
8687,1,0
8688,0,1
8689,1,0
8690,0,1
8691,1,0
8692,1,1
8693,0,1
8694,1,0
8695,0,1
8696,1,0
8697,0,1
8698,1,0
8699,0,1
8700,1,0
8701,0,1
8702,1,0
8703,1,1
8704,0,1
8705,1,0
8706,0,1
8707,1,0
8708,0,1
8709,1,0
8710,0,1
8711,1,0
8712,0,1
8713,1,0
8714,1,1
8715,0,1
8716,1,0
8717,0,1
8718,0,0
8719,1,0
8720,0,1
8721,1,0
8722,0,1
8723,1,0
8724,0,1
8725,1,0
8726,0,1
8727,1,0
8728,0,1
8729,1,0
8730,0,1
8731,1,0
8732,0,1
8733,1,0
8734,0,1
8735,1,0
8736,0,1
8737,1,0
8738,0,1
8739,1,0
8740,0,1
8741,1,0
8742,0,1
8743,1,0
8744,0,1
8745,1,0
8746,0,1
8747,1,0
8748,0,1
8749,0,0
8750,1,0
8751,0,1
8752,1,0
8753,0,1
8754,1,0
8755,0,1
8756,1,0
8757,0,1
8758,1,0
8759,0,1
8760,0,0
8761,1,0
8762,0,1
8763,1,0
8764,0,1
8765,1,0
8766,0,1
8767,1,0
8768,0,1
8769,1,0
8770,0,1
8771,1,0
8772,0,1
8773,1,0
8774,0,1
8775,0,0
8776,1,0
8777,0,1
8778,1,0
8779,0,1
8780,1,0
8781,0,1
8782,1,0
8783,0,1
8784,1,0
8785,0,1
8786,1,0
8787,0,1
8788,1,0
8789,0,1
8790,1,0
8791,0,1
8792,1,0
8793,0,1
8794,1,0
8795,0,1
8796,1,0
8797,0,1
8798,1,0
8799,0,1
8800,1,0
8801,0,1
8802,1,0
8803,0,1
8804,1,0
8805,0,1
8806,1,0
8807,0,1
8808,1,0
8809,0,1
8810,1,0
8811,0,1
8812,1,0
8813,0,1
8814,1,0
8815,0,1
8816,1,0
8817,0,1
8818,1,0
8819,0,1
8820,1,0
8821,0,1
8822,1,0
8823,0,1
8824,1,0
8825,0,1
8826,0,0
8827,1,0
8828,0,1
8829,1,0
8830,0,1
8831,1,0
8832,0,1
8833,1,0
8834,0,1
8835,1,0
8836,0,1
8837,1,0
8838,0,1
8839,1,0
8840,0,1
8841,1,0
8842,0,1
8843,1,0
8844,0,1
8845,1,0
8846,0,1
8847,1,0
8848,0,1
8849,1,0
8850,0,1
8851,1,0
8852,0,1
8853,1,0
8854,0,1
8855,1,0
8856,0,1
8857,1,0
8858,0,1
8859,1,0
8860,0,1
8861,1,0
8862,0,1
8863,1,0
8864,0,1
8865,1,0
8866,0,1
8867,1,0
8868,0,1
8869,1,0
8870,0,1
8871,1,0
8872,0,1
8873,1,0
8874,0,1
8875,1,0
8876,0,1
8877,1,0
8878,0,1
8879,1,0
8880,0,1
8881,1,0
8882,0,1
8883,1,0
8884,0,1
8885,1,0
8886,0,1
8887,1,0
8888,0,1
8889,1,0
8890,0,1
8891,1,0
8892,0,1
8893,1,0
8894,0,1
8895,1,0
8896,0,1
8897,1,0
8898,0,1
8899,1,0
8900,0,1
8901,1,0
8902,0,1
8903,1,0
8904,0,1
8905,1,0
8906,0,1
8907,1,0
8908,0,1
8909,1,0
8910,0,1
8911,1,0
8912,0,1
8913,1,0
8914,0,1
8915,1,0
8916,0,1
8917,1,0
8918,0,1
8919,1,0
8920,0,1
8921,1,0
8922,0,1
8923,0,0
8924,1,0
8925,0,1
8926,1,0
8927,0,1
8928,1,0
8929,0,1
8930,1,0
8931,0,1
8932,1,0
8933,0,1
8934,1,0
8935,0,1
8936,1,0
8937,0,1
8938,0,0
8939,0,0
8940,1,0
8941,0,1
8942,1,0
8943,0,1
8944,1,0
8945,0,1
8946,1,0
8947,0,1
8948,1,0
8949,1,1
8950,0,1
8951,1,0
8952,0,1
8953,1,0
8954,0,1
8955,1,0
8956,0,1
8957,1,0
8958,0,1
8959,1,0
8960,0,1
8961,1,0
8962,0,1
8963,1,0
8964,0,1
8965,1,0
8966,0,1
8967,1,0
8968,0,1
8969,1,0
8970,0,1
8971,1,0
8972,0,1
8973,1,0
8974,0,1
8975,1,0
8976,0,1
8977,1,0
8978,0,1
8979,1,0
8980,0,1
8981,1,0
8982,0,1
8983,1,0
8984,0,1
8985,1,0
8986,0,1
8987,0,0
8988,1,0
8989,0,1
8990,1,0
8991,0,1
8992,1,0
8993,0,1
8994,1,0
8995,0,1
8996,1,0
8997,0,1
8998,1,0
8999,0,1
9000,1,0
9001,0,1
9002,1,0
9003,0,1
9004,1,0
9005,0,1
9006,1,0
9007,0,1
9008,1,0
9009,0,1
9010,1,0
9011,0,1
9012,1,0
9013,0,1
9014,1,0
9015,0,1
9016,1,0
9017,0,1
9018,1,0
9019,1,1
9020,0,1
9021,0,0
9022,1,0
9023,0,1
9024,1,0
9025,0,1
9026,1,0
9027,0,1
9028,1,0
9029,0,1
9030,1,0
9031,0,1
9032,1,0
9033,0,1
9034,1,0
9035,0,1
9036,1,0
9037,0,1
9038,1,0
9039,0,1
9040,1,0
9041,0,1
9042,1,0
9043,0,1
9044,1,0
9045,0,1
9046,0,0
9047,1,0
9048,0,1
9049,1,0
9050,0,1
9051,1,0
9052,0,1
9053,1,0
9054,1,1
9055,0,1
9056,1,0
9057,0,1
9058,1,0
9059,0,1
9060,1,0
9061,0,1
9062,1,0
9063,0,1
9064,0,0
9065,1,0
9066,0,1
9067,1,0
9068,0,1
9069,1,0
9070,0,1
9071,1,0
9072,0,1
9073,0,0
9074,1,0
9075,0,1
9076,1,0
9077,0,1
9078,1,0
9079,0,1
9080,1,0
9081,0,1
9082,1,0
9083,0,1
9084,1,0
9085,0,1
9086,1,0
9087,0,1
9088,1,0
9089,0,1
9090,1,0
9091,0,1
9092,0,0
9093,1,0
9094,0,1
9095,1,0
9096,0,1
9097,1,0
9098,0,1
9099,1,0
9100,0,1
9101,1,0
9102,0,1
9103,1,0
9104,0,1
9105,1,0
9106,0,1
9107,1,0
9108,0,1
9109,1,0
9110,0,1
9111,1,0
9112,0,1
9113,1,0
9114,0,1
9115,1,0
9116,0,1
9117,1,0
9118,0,1
9119,1,0
9120,0,1
9121,1,0
9122,0,1
9123,1,0
9124,0,1
9125,1,0
9126,0,1
9127,1,0
9128,0,1
9129,1,0
9130,0,1
9131,1,0
9132,0,1
9133,1,0
9134,0,1
9135,1,0
9136,0,1
9137,1,0
9138,0,1
9139,1,0
9140,0,1
9141,1,0
9142,0,1
9143,1,0
9144,0,1
9145,1,0
9146,0,1
9147,1,0
9148,0,1
9149,1,0
9150,0,1
9151,1,0
9152,0,1
9153,1,0
9154,0,1
9155,1,0
9156,0,1
9157,1,0
9158,0,1
9159,1,0
9160,0,1
9161,1,0
9162,0,1
9163,1,0
9164,0,1
9165,1,0
9166,0,1
9167,1,0
9168,0,1
9169,1,0
9170,0,1
9171,1,0
9172,0,1
9173,1,0
9174,0,1
9175,1,0
9176,0,1
9177,1,0
9178,0,1
9179,0,0
9180,1,0
9181,0,1
9182,1,0
9183,0,1
9184,1,0
9185,1,1
9186,0,1
9187,1,0
9188,0,1
9189,1,0
9190,0,1
9191,1,0
9192,0,1
9193,1,0
9194,0,1
9195,1,0
9196,0,1
9197,1,0
9198,0,1
9199,1,0
9200,0,1
9201,1,0
9202,0,1
9203,1,0
9204,0,1
9205,1,0
9206,0,1
9207,1,0
9208,0,1
9209,1,0
9210,0,1
9211,1,0
9212,0,1
9213,0,0
9214,1,0
9215,0,1
9216,1,0
9217,0,1
9218,1,0
9219,0,1
9220,1,0
9221,0,1
9222,1,0
9223,0,1
9224,1,0
9225,0,1
9226,1,0
9227,0,1
9228,1,0
9229,0,1
9230,1,0
9231,0,1
9232,1,0
9233,0,1
9234,1,0
9235,0,1
9236,1,0
9237,0,1
9238,1,0
9239,0,1
9240,1,0
9241,0,1
9242,1,0
9243,0,1
9244,1,0
9245,0,1
9246,1,0
9247,0,1
9248,1,0
9249,0,1
9250,1,0
9251,0,1
9252,1,0
9253,0,1
9254,1,0
9255,1,1
9256,0,1
9257,1,0
9258,0,1
9259,1,0
9260,0,1
9261,1,0
9262,0,1
9263,1,0
9264,0,1
9265,1,0
9266,0,1
9267,1,0
9268,0,1
9269,1,0
9270,0,1
9271,1,0
9272,0,1
9273,1,0
9274,0,1
9275,1,0
9276,0,1
9277,1,0
9278,0,1
9279,1,0
9280,0,1
9281,1,0
9282,1,1
9283,0,1
9284,1,0
9285,0,1
9286,1,0
9287,0,1
9288,1,0
9289,0,1
9290,1,0
9291,0,1
9292,1,0
9293,0,1
9294,0,0
9295,0,0
9296,1,0
9297,0,1
9298,1,0
9299,0,1
9300,1,0
9301,0,1
9302,1,0
9303,0,1
9304,0,0
9305,1,0
9306,1,1
9307,0,1
9308,1,0
9309,0,1
9310,1,0
9311,0,1
9312,1,0
9313,1,1
9314,0,1
9315,1,0
9316,0,1
9317,1,0
9318,0,1
9319,1,0
9320,0,1
9321,1,0
9322,0,1
9323,0,0
9324,1,0
9325,0,1
9326,1,0
9327,0,1
9328,1,0
9329,0,1
9330,1,0
9331,0,1
9332,1,0
9333,0,1
9334,1,0
9335,0,1
9336,1,0
9337,0,1
9338,1,0
9339,0,1
9340,1,0
9341,0,1
9342,1,0
9343,0,1
9344,1,0
9345,1,1
9346,0,1
9347,1,0
9348,0,1
9349,1,0
9350,0,1
9351,0,0
9352,1,0
9353,0,1
9354,1,0
9355,0,1
9356,1,0
9357,0,1
9358,1,0
9359,0,1
9360,1,0
9361,0,1
9362,1,0
9363,0,1
9364,1,0
9365,0,1
9366,1,0
9367,1,1
9368,0,1
9369,1,0
9370,0,1
9371,1,0
9372,0,1
9373,1,0
9374,0,1
9375,1,0
9376,0,1
9377,1,0
9378,0,1
9379,1,0
9380,0,1
9381,1,0
9382,0,1
9383,1,0
9384,0,1
9385,1,0
9386,0,1
9387,1,0
9388,1,1
9389,0,1
9390,0,0
9391,1,0
9392,0,1
9393,1,0
9394,0,1
9395,1,0
9396,0,1
9397,1,0
9398,0,1
9399,1,0
9400,0,1
9401,1,0
9402,0,1
9403,1,0
9404,0,1
9405,1,0
9406,0,1
9407,1,0
9408,0,1
9409,1,0
9410,0,1
9411,1,0
9412,0,1
9413,1,0
9414,0,1
9415,1,0
9416,0,1
9417,1,0
9418,0,1
9419,1,0
9420,0,1
9421,1,0
9422,0,1
9423,1,0
9424,0,1
9425,1,0
9426,0,1
9427,1,0
9428,0,1
9429,1,0
9430,0,1
9431,1,0
9432,1,1
9433,0,1
9434,1,0
9435,0,1
9436,1,0
9437,0,1
9438,1,0
9439,0,1
9440,1,0
9441,0,1
9442,1,0
9443,0,1
9444,1,0
9445,0,1
9446,1,0
9447,0,1
9448,0,0
9449,1,0
9450,0,1
9451,1,0
9452,0,1
9453,1,0
9454,1,1
9455,0,1
9456,1,0
9457,0,1
9458,1,0
9459,0,1
9460,1,0
9461,0,1
9462,1,0
9463,0,1
9464,1,0
9465,0,1
9466,1,0
9467,0,1
9468,1,0
9469,0,1
9470,1,0
9471,0,1
9472,1,0
9473,0,1
9474,1,0
9475,0,1
9476,1,0
9477,0,1
9478,1,0
9479,0,1
9480,1,0
9481,0,1
9482,1,0
9483,0,1
9484,1,0
9485,0,1
9486,1,0
9487,0,1
9488,1,0
9489,0,1
9490,1,0
9491,0,1
9492,1,0
9493,0,1
9494,1,0
9495,0,1
9496,1,0
9497,0,1
9498,1,0
9499,1,1
9500,0,1
9501,1,0
9502,0,1
9503,1,0
9504,0,1
9505,1,0
9506,0,1
9507,1,0
9508,0,1
9509,1,0
9510,0,1
9511,1,0
9512,0,1
9513,1,0
9514,0,1
9515,1,0
9516,0,1
9517,1,0
9518,0,1
9519,1,0
9520,0,1
9521,0,0
9522,1,0
9523,0,1
9524,1,0
9525,0,1
9526,1,0
9527,0,1
9528,1,0
9529,0,1
9530,1,0
9531,0,1
9532,1,0
9533,0,1
9534,1,0
9535,0,1
9536,1,0
9537,0,1
9538,1,0
9539,0,1
9540,1,0
9541,0,1
9542,1,0
9543,0,1
9544,1,0
9545,0,1
9546,1,0
9547,0,1
9548,1,0
9549,1,1
9550,0,1
9551,1,0
9552,0,1
9553,1,0
9554,0,1
9555,1,0
9556,0,1
9557,1,0
9558,0,1
9559,1,0
9560,0,1
9561,1,0
9562,0,1
9563,1,0
9564,0,1
9565,1,0
9566,0,1
9567,1,0
9568,0,1
9569,1,0
9570,0,1
9571,1,0
9572,0,1
9573,1,0
9574,0,1
9575,1,0
9576,0,1
9577,1,0
9578,0,1
9579,1,0
9580,0,1
9581,1,0
9582,0,1
9583,1,0
9584,0,1
9585,1,0
9586,0,1
9587,0,0
9588,1,0
9589,0,1
9590,1,0
9591,0,1
9592,1,0
9593,0,1
9594,1,0
9595,0,1
9596,1,0
9597,0,1
9598,1,0
9599,0,1
9600,1,0
9601,0,1
9602,1,0
9603,0,1
9604,1,0
9605,0,1
9606,1,0
9607,0,1
9608,0,0
9609,1,0
9610,0,1
9611,1,0
9612,0,1
9613,1,0
9614,0,1
9615,1,0
9616,0,1
9617,0,0
9618,1,0
9619,0,1
9620,1,0
9621,0,1
9622,1,0
9623,0,1
9624,1,0
9625,0,1
9626,1,0
9627,0,1
9628,1,0
9629,0,1
9630,1,0
9631,0,1
9632,1,0
9633,0,1
9634,1,0
9635,0,1
9636,1,0
9637,0,1
9638,1,0
9639,0,1
9640,1,0
9641,0,1
9642,1,0
9643,0,1
9644,1,0
9645,0,1
9646,1,0
9647,0,1
9648,0,0
9649,1,0
9650,0,1
9651,1,0
9652,0,1
9653,1,0
9654,0,1
9655,1,0
9656,1,1
9657,1,1
9658,0,1
9659,1,0
9660,0,1
9661,1,0
9662,0,1
9663,1,0
9664,0,1
9665,1,0
9666,0,1
9667,1,0
9668,0,1
9669,0,0
9670,1,0
9671,0,1
9672,1,0
9673,0,1
9674,0,0
9675,1,0
9676,0,1
9677,1,0
9678,0,1
9679,1,0
9680,0,1
9681,1,0
9682,0,1
9683,1,0
9684,0,1
9685,1,0
9686,0,1
9687,1,0
9688,0,1
9689,1,0
9690,0,1
9691,1,0
9692,0,1
9693,1,0
9694,0,1
9695,1,0
9696,0,1
9697,1,0
9698,0,1
9699,1,0
9700,0,1
9701,1,0
9702,0,1
9703,1,0
9704,0,1
9705,1,0
9706,0,1
9707,1,0
9708,0,1
9709,1,0
9710,0,1
9711,1,0
9712,0,1
9713,1,0
9714,0,1
9715,1,0
9716,0,1
9717,1,0
9718,0,1
9719,1,0
9720,0,1
9721,1,0
9722,0,1
9723,1,0
9724,0,1
9725,1,0
9726,0,1
9727,1,0
9728,0,1
9729,1,0
9730,0,1
9731,1,0
9732,0,1
9733,1,0
9734,0,1
9735,1,0
9736,0,1
9737,1,0
9738,0,1
9739,1,0
9740,0,1
9741,1,0
9742,0,1
9743,1,0
9744,0,1
9745,1,0
9746,0,1
9747,0,0
9748,1,0
9749,0,1
9750,1,0
9751,0,1
9752,1,0
9753,0,1
9754,1,0
9755,0,1
9756,1,0
9757,0,1
9758,1,0
9759,0,1
9760,1,0
9761,0,1
9762,1,0
9763,0,1
9764,1,0
9765,0,1
9766,1,0
9767,0,1
9768,0,0
9769,0,0
9770,0,0
9771,1,0
9772,0,1
9773,1,0
9774,1,1
9775,0,1
9776,1,0
9777,0,1
9778,1,0
9779,0,1
9780,1,0
9781,0,1
9782,1,0
9783,0,1
9784,1,0
9785,0,1
9786,1,0
9787,0,1
9788,1,0
9789,0,1
9790,1,0
9791,0,1
9792,1,0
9793,0,1
9794,1,0
9795,0,1
9796,1,0
9797,0,1
9798,1,0
9799,0,1
9800,1,0
9801,0,1
9802,1,0
9803,1,1
9804,1,1
9805,0,1
9806,1,0
9807,0,1
9808,0,0
9809,1,0
9810,1,1
9811,0,1
9812,1,0
9813,0,1
9814,1,0
9815,0,1
9816,1,0
9817,0,1
9818,1,0
9819,0,1
9820,1,0
9821,0,1
9822,1,0
9823,0,1
9824,1,0
9825,0,1
9826,1,0
9827,0,1
9828,1,0
9829,0,1
9830,1,0
9831,0,1
9832,1,0
9833,0,1
9834,1,0
9835,0,1
9836,1,0
9837,0,1
9838,1,0
9839,0,1
9840,0,0
9841,1,0
9842,0,1
9843,1,0
9844,1,1
9845,0,1
9846,1,0
9847,0,1
9848,1,0
9849,1,1
9850,0,1
9851,1,0
9852,0,1
9853,1,0
9854,0,1
9855,1,0
9856,0,1
9857,1,0
9858,0,1
9859,1,0
9860,0,1
9861,0,0
9862,1,0
9863,0,1
9864,1,0
9865,0,1
9866,1,0
9867,0,1
9868,1,0
9869,0,1
9870,1,0
9871,0,1
9872,1,0
9873,0,1
9874,1,0
9875,0,1
9876,1,0
9877,0,1
9878,1,0
9879,0,1
9880,1,0
9881,0,1
9882,1,0
9883,0,1
9884,1,0
9885,0,1
9886,1,0
9887,0,1
9888,1,0
9889,0,1
9890,1,0
9891,0,1
9892,1,0
9893,0,1
9894,1,0
9895,0,1
9896,1,0
9897,0,1
9898,1,0
9899,0,1
9900,1,0
9901,1,1
9902,0,1
9903,1,0
9904,0,1
9905,1,0
9906,0,1
9907,1,0
9908,0,1
9909,0,0
9910,1,0
9911,0,1
9912,1,0
9913,0,1
9914,1,0
9915,1,1
9916,0,1
9917,1,0
9918,0,1
9919,1,0
9920,0,1
9921,1,0
9922,0,1
9923,1,0
9924,0,1
9925,1,0
9926,0,1
9927,0,0
9928,1,0
9929,0,1
9930,1,0
9931,0,1
9932,1,0
9933,0,1
9934,1,0
9935,0,1
9936,1,0
9937,0,1
9938,1,0
9939,0,1
9940,1,0
9941,0,1
9942,1,0
9943,0,1
9944,1,0
9945,0,1
9946,1,0
9947,0,1
9948,1,0
9949,0,1
9950,1,0
9951,0,1
9952,0,0
9953,1,0
9954,0,1
9955,1,0
9956,0,1
9957,1,0
9958,0,1
9959,1,0
9960,1,1
9961,0,1
9962,1,0
9963,0,1
9964,1,0
9965,0,1
9966,1,0
9967,0,1
9968,1,0
9969,0,1
9970,1,0
9971,0,1
9972,1,0
9973,0,1
9974,1,0
9975,0,1
9976,1,0
9977,0,1
9978,1,0
9979,0,1
9980,1,0
9981,0,1
9982,1,0
9983,0,1
9984,1,0
9985,0,1
9986,1,0
9987,0,1
9988,1,0
9989,0,1
9990,1,0
9991,0,1
9992,1,0
9993,0,1
9994,1,0
9995,0,1
9996,1,0
9997,0,1
9998,1,0
