,p1,p2,p3,y1,y2,y3
0,0.0023687948686373574,0.9483014772651094,0.04932972786625315,0,1,0
1,0.01689399774356923,0.8578109859018712,0.1252950163545595,0,1,0
2,0.939765788038827,0.0031957475240847414,0.0570384644370881,0,0,1
3,0.02573560100975815,0.8228078203191505,0.15145657867109147,0,1,0
4,0.003875368498582343,0.9335222829706051,0.0626023485308126,0,1,0
5,0.8560296928551154,0.017302226470813066,0.12666808067407148,1,0,0
6,0.9559098339203679,0.0017326117861986023,0.042357554293433464,1,0,0
7,0.27787265917282516,0.38271240056027955,0.33941494026689534,1,0,0
8,0.9427530500347933,0.002892833129384844,0.054354116835821746,1,0,0
9,0.14055491245256896,0.5659054616170088,0.2935396259304221,0,1,0
10,0.8741800169406673,0.013356151032519886,0.1124638320268128,1,0,0
11,0.9137709479317698,0.0064325963394842745,0.07979645572874583,1,0,0
12,0.00035759506047910566,0.9801567369028291,0.01948566803669176,0,1,0
13,0.15058842588126695,0.5499022623015163,0.29950931181721674,0,0,1
14,0.47596614634962775,0.20161466919420987,0.3224191844561625,1,0,0
15,0.004661847437214065,0.9269199102053869,0.06841824235739899,0,1,0
16,0.9661207960785236,0.0010309767735041196,0.032848227147972295,1,0,0
17,0.9756241445547442,0.0005376753125296774,0.02383818013272599,1,0,0
18,0.014665223541292849,0.8679115886225859,0.11742318783612125,1,0,0
19,0.10847761694964597,0.6213147162510191,0.270207666799335,0,1,0
20,0.16565549114634273,0.5268605094532761,0.30748399940038107,0,1,0
21,0.0019452860259036237,0.9532355624194958,0.04481915155460047,0,1,0
22,0.2851993843383765,0.37460276770501677,0.3401978479566066,1,0,0
23,0.9197152078730844,0.005598647856575873,0.07468614427033976,1,0,0
24,0.03806348600770954,0.7823303828670474,0.17960613112524312,0,0,1
25,0.0008414824627449317,0.9694313962997211,0.029727121237534015,0,1,0
26,0.7013847564954875,0.06924359328330615,0.22937165022120629,1,0,0
27,0.9555888704510379,0.0017575075157729772,0.042653622033189,1,0,0
28,0.21625183069898699,0.4566692466168945,0.32707892268411853,0,0,1
29,0.9344378892821672,0.003771785322956845,0.06179032539487592,1,0,0
30,0.9810735486799594,0.00032555373191053957,0.018600897588129998,1,0,0
31,0.6682840608397175,0.08445280492874069,0.2472631342315419,1,0,0
32,0.02366497871598901,0.8304281114661552,0.14590690981785576,0,1,0
33,0.17152560892610466,0.5181785361807104,0.31029585489318495,0,1,0
34,0.9308882337617032,0.004180827627302639,0.06493093861099422,1,0,0
35,0.08137949376571559,0.6747302919178352,0.24389021431644928,0,1,0
36,0.001932627008867596,0.9533906564927088,0.04467671649842359,0,1,0
37,0.6585720825875502,0.08918491214636613,0.25224300526608356,1,0,0
38,0.7777650409294093,0.03959241027653433,0.18264254879405636,1,0,0
39,0.8290024354787678,0.024046259496208134,0.14695130502502401,1,0,0
40,0.004420205195564812,0.9288876641482595,0.06669213065617567,0,0,1
41,0.9606719146409777,0.001383505363922123,0.03794457999510009,1,0,0
42,0.023203221979939757,0.8321690063113543,0.14462777170870605,0,0,1
43,0.9754628128425429,0.0005447466605916552,0.023992440496865525,1,0,0
44,0.6661665334482967,0.08547412107889288,0.24835934547281044,0,0,1
45,0.932298087868363,0.004015956400444303,0.06368595573119275,1,0,0
46,0.9696919612357429,0.0008273655607141597,0.029480673203542928,1,0,0
47,0.959295229307116,0.0014805174328525058,0.03922425326003146,1,0,0
48,0.027620616268816577,0.8161136411924257,0.15626574253875775,0,1,0
49,0.016451456057890536,0.8597647557903798,0.1237837881517297,0,1,0
50,0.9762927237709201,0.0005088541048814964,0.023198422124198415,1,0,0
51,0.006441809387748652,0.9137073885722345,0.07985080204001689,0,1,0
52,0.8008595301679469,0.032144788545729316,0.16699568128632383,1,0,0
53,0.04735727138306618,0.7557401664247018,0.19690256219223212,0,1,0
54,0.0005461808958138575,0.9754302165424679,0.024023602561718396,0,1,0
55,0.5297808751387216,0.16370485529564205,0.3065142695656364,1,0,0
56,0.23301038877578292,0.43545379014723457,0.3315358210769825,0,1,0
57,0.9700539579289102,0.0008079469801107354,0.029138095090978998,1,0,0
58,0.8736071033801421,0.013473423752329914,0.11291947286752786,1,0,0
59,0.025278465151583655,0.8244650403932225,0.15025649445519393,0,1,0
60,0.9663134834556832,0.0010194339729565063,0.03266708257136027,1,0,0
61,0.037262623242929886,0.7847555389686027,0.17798183778846752,0,1,0
62,0.386275561511154,0.27469096310214747,0.3390334753866986,1,0,0
63,0.3892008406908658,0.2720957619532216,0.3387033973559126,1,0,0
64,0.389126701657726,0.2721613480993834,0.3387119502428905,0,0,1
65,0.8706129696211069,0.014094082155158949,0.11529294822373418,1,0,0
66,0.15608038347217792,0.5413719454820528,0.30254767104576935,1,0,0
67,0.5833606412854873,0.13000747330174872,0.2866318854127641,1,0,0
68,0.9739353140921784,0.0006139419265053562,0.02545074398131633,1,0,0
69,0.9799899903018604,0.0003635816899711025,0.01964642800816856,1,0,0
70,0.7168840583515641,0.0626104052449627,0.22050553640347326,1,0,0
71,0.04505013715984433,0.7620974439066397,0.19285241893351607,0,1,0
72,0.21438329250222002,0.45909141158657674,0.32652529591120316,0,0,1
73,0.7509419082801357,0.04913386659808913,0.19992422512177524,1,0,0
74,0.9349593008579655,0.003713397556385869,0.061327301585648454,1,0,0
75,0.0008713190119826979,0.9688876163130627,0.030241064674954493,0,1,0
76,0.4957782613718643,0.18716861640469606,0.3170531222234396,0,0,1
77,0.34650065407449754,0.31153682835736707,0.3419625175681354,0,1,0
78,0.0347296587374433,0.7925887690030083,0.17268157225954836,0,1,0
79,0.9233411999273003,0.005116984915962235,0.07154181515673749,1,0,0
80,0.4161134630021463,0.24891717105101036,0.3349693659468433,1,0,0
81,0.9334889327945471,0.0038791667423057914,0.06263190046314702,1,0,0
82,0.060895684521767884,0.7210137794249991,0.21809053605323295,0,1,0
83,0.0006131969758813026,0.9739512958717761,0.025435507152342666,0,1,0
84,0.06674991371001937,0.7071265783833842,0.22612350790659644,0,1,0
85,0.0007232841378168427,0.9716843554041378,0.02759236045804538,0,1,0
86,0.6969313426319885,0.07120716536531828,0.23186149200269315,1,0,0
87,0.39956835016401104,0.26301922717261766,0.3374124226633713,1,0,0
88,0.9370286717944911,0.0034859705642429333,0.059485357641265904,1,0,0
89,0.9020508959074321,0.008236333726499814,0.08971277036606809,0,0,1
90,0.0003737350231948372,0.97971024727603,0.019916017700775307,0,1,0
91,0.027351491146587175,0.8170561598022268,0.15559234905118613,0,1,0
92,0.04317757571114115,0.7673687777218213,0.18945364656703745,0,1,0
93,0.021712968387058298,0.8378998558663867,0.14038717574655488,0,1,0
94,0.6426350683564915,0.09721579066179593,0.26014914098171255,1,0,0
95,0.868906285149903,0.014453689305761734,0.11664002554433522,1,0,0
96,0.8791761403001485,0.012353793983574259,0.1084700657162773,1,0,0
97,0.0061084535663001715,0.9160352895556202,0.0778562568780796,0,0,1
98,0.11019597880191474,0.6181574608070912,0.27164656039099405,1,0,0
99,0.9079463281038543,0.007302731260496272,0.08475094063564936,1,0,0
100,0.02117050393121291,0.8400309192773622,0.13879857679142493,1,0,0
101,0.31662625762611585,0.34125086096846785,0.3421228814054162,0,1,0
102,0.3106513724986111,0.3474198086755512,0.3419288188258377,0,0,1
103,0.27727366271419485,0.38338127317322424,0.3393450641125809,1,0,0
104,0.03749764842891155,0.7840413671248352,0.17846098444625316,0,1,0
105,0.7049860765336272,0.06767453462607603,0.2273393888402968,0,0,1
106,0.0023904814645410856,0.9480607847005602,0.04954873383489878,0,1,0
107,0.924854030458524,0.004922123145460242,0.07022384639601581,1,0,0
108,0.9604634793536544,0.0013979883050138926,0.03813853234133171,1,0,0
109,0.34087361012151324,0.3169941026744318,0.342132287204055,1,0,0
110,0.9282897584815906,0.004492980246720543,0.06721726127168884,1,0,0
111,0.9282140715914383,0.004502232989024119,0.06728369541953749,1,0,0
112,0.8210581390016145,0.026222348683642385,0.1527195123147432,1,0,0
113,0.005696408198331476,0.9189976022312465,0.07530598957042209,0,1,0
114,0.0012557330146059263,0.9625588091422316,0.03618545784316245,0,1,0
115,0.02061264299970806,0.8422490204349528,0.13713833656533916,0,1,0
116,0.001599302914335206,0.9576678655468865,0.040732831538778234,0,1,0
117,0.22581987109124774,0.44444685453244914,0.32973327437630306,0,1,0
118,0.0012146846794556859,0.9631846324340599,0.035600682886484346,0,1,0
119,0.014559012461529,0.8684101826969862,0.11703080484148465,0,1,0
120,0.055712021381266436,0.73383908079148,0.21044889782725354,0,1,0
121,0.9619321221721627,0.0012975023224158252,0.03677037550542149,1,0,0
122,0.65397302317374,0.09146852180382245,0.25455845502243757,0,1,0
123,0.08895306640509536,0.6590421245944726,0.252004809000432,0,1,0
124,0.9713330443518204,0.000741139608131724,0.027925816040047857,1,0,0
125,0.1935741341835954,0.4868948431339138,0.3195310226824909,0,1,0
126,0.2832824195914805,0.3767118526374981,0.3400057277710214,0,1,0
127,0.22556640345713289,0.44476682240291354,0.32966677413995354,0,1,0
128,0.0006204760804784793,0.9737955389297297,0.025583984989791822,0,1,0
129,0.9724745741658386,0.0006838999739970096,0.026841525860164504,1,0,0
130,0.002158698163926767,0.9506906870115555,0.047150614824517836,0,1,0
131,0.06423945173296938,0.7130092365881188,0.22275131167891182,0,1,0
132,0.9674043153571522,0.0009552837207959789,0.03164040092205171,1,0,0
133,0.2472918754910218,0.41805580880044224,0.3346523157085361,0,1,0
134,0.026392248998170654,0.8204509488012893,0.15315680220053995,0,0,1
135,0.00444528094385078,0.9286811203902148,0.06687359866593441,0,1,0
136,0.703613335095634,0.06827063957623798,0.22811602532812814,1,0,0
137,0.012777975905811397,0.8770395784456443,0.11018244564854432,0,1,0
138,0.9624375987527913,0.0012637599797414854,0.036298641267467166,1,0,0
139,0.2129030431390848,0.46101862012722244,0.3260783367336927,0,1,0
140,0.9717321101094366,0.0007208734395571037,0.027547016451006347,1,0,0
141,0.8676302859541527,0.014725305656754437,0.11764440838909286,1,0,0
142,0.3866633160066152,0.2743460878938108,0.338990596099574,1,0,0
143,0.4621671861620588,0.21202356897176122,0.32580924486617996,0,1,0
144,0.3875535309311253,0.2735553274648813,0.33889114160399336,0,1,0
145,0.8495630854922304,0.018822176955779965,0.13161473755198966,1,0,0
146,0.6785629466051395,0.07957777654050519,0.24185927685435527,1,0,0
147,0.14937629661212773,0.5518062658882772,0.2988174374995951,1,0,0
148,0.8649429322234686,0.015305047591018228,0.11975202018551323,1,0,0
149,0.9524053308175063,0.00201372967050105,0.045580939511992595,1,0,0
150,0.20264909193422365,0.47457753629896476,0.3227733717668117,0,1,0
151,0.5437072265647546,0.15456689043887523,0.30172588299637015,0,0,1
152,0.971304590665278,0.0007425950960672453,0.027952814238654887,1,0,0
153,0.8507914703577498,0.018528882275066525,0.13067964736718363,0,0,1
154,0.06567600343170289,0.7096301552777332,0.22469384129056394,0,1,0
155,0.6545216674266766,0.09119465453749444,0.254283678035829,1,0,0
156,0.0010070750559669503,0.9665209770826845,0.03247194786134857,0,1,0
157,0.0019192661731771087,0.9535548825977485,0.04452585122907446,0,1,0
158,0.04068061354955957,0.7745651130296662,0.1847542734207742,0,1,0
159,0.040134922354909376,0.7761647426312687,0.18370033501382196,0,1,0
160,0.29349362418502317,0.36557907523546734,0.3409273005795095,0,1,0
161,0.0010068296081542512,0.9665251104342866,0.03246805995755928,0,1,0
162,0.00924062292100853,0.8960509226721045,0.09470845440688694,0,1,0
163,0.01463482485088628,0.8680541189469263,0.11731105620218737,0,1,0
164,0.40106687203654307,0.2617227593438646,0.3372103686195924,0,1,0
165,0.895856362657436,0.009274097315524867,0.09486954002703912,1,0,0
166,0.2637832832602248,0.3986873076845792,0.3375294090551959,0,1,0
167,0.5783128974298645,0.13301541052495527,0.2886716920451802,0,0,1
168,0.5817616569507102,0.13095660166674664,0.2872817413825431,1,0,0
169,0.6894833957389596,0.07454853441239478,0.2359680698486457,0,0,1
170,0.9225180101791496,0.005224527274789626,0.0722574625460608,1,0,0
171,0.0006134472737713389,0.9739459250515808,0.025440627674647755,0,1,0
172,0.009740541282872743,0.893178839508993,0.09708061920813423,0,1,0
173,0.9011102833375394,0.008390178841803196,0.09049953782065731,0,0,1
174,0.0005829145695658952,0.9746092146513092,0.02480787077912487,0,1,0
175,0.001171176468280425,0.9638592957100934,0.03496952782162619,0,1,0
176,0.7467740120612479,0.050701618475038346,0.2025243694637138,0,1,0
177,0.09614102584742074,0.6447304377554421,0.2591285363971371,0,1,0
178,0.004328532708581888,0.9296475488886513,0.06602391840276679,0,1,0
179,0.35214030547663455,0.3061300631323289,0.34172963139103646,0,0,1
180,0.03379022817784612,0.7955606745645791,0.17064909725757474,0,1,0
181,0.14910988568470665,0.5522257945506062,0.29866431976468727,0,1,0
182,0.00035894815600552224,0.9801189294580203,0.0195221223859742,0,1,0
183,0.018187618210441837,0.8522321782335227,0.12958020355603567,0,1,0
184,0.05698446890336129,0.7306411629707962,0.21237436812584265,1,0,0
185,0.7492163628164694,0.04978016309160962,0.20100347409192107,1,0,0
186,0.0013042786407600562,0.9618313831307216,0.03686433822851844,0,1,0
187,0.49555064397854864,0.18733129816134636,0.31711805786010505,1,0,0
188,0.0013806470427208605,0.9607131759494849,0.03790617700779435,0,1,0
189,0.5160171699910346,0.17300358421079293,0.31097924579817254,0,0,1
190,0.0005900004125518484,0.9744537935629506,0.02495620602449754,0,1,0
191,0.7422614904264908,0.05242469048549521,0.20531381908801388,1,0,0
192,0.9667601734672996,0.0009929190297711013,0.032246907502929266,1,0,0
193,0.0007456912534030705,0.9712441537122606,0.028010155034336282,0,1,0
194,0.18944640493804799,0.4926008704813317,0.3179527245806203,0,1,0
195,0.0771181640300369,0.6838618069255814,0.23902002904438163,0,1,0
196,0.002820546996604233,0.9434878217450582,0.053691631258337556,0,1,0
197,0.903173738679666,0.008054440788124253,0.08877182053220972,1,0,0
198,0.8169727597783313,0.027375255945802805,0.1556519842758659,1,0,0
199,0.07030816295575464,0.6989630588802326,0.23072877816401266,0,1,0
200,0.07674117804730887,0.6846809631216679,0.23857785883102317,0,0,1
201,0.9426142890746649,0.0029065829236122743,0.054479128001722936,1,0,0
202,0.5034712123842878,0.1817147103622415,0.31481407725347077,1,0,0
203,0.30356380133646443,0.3548399858188145,0.34159621284472114,0,0,1
204,0.5341718391660866,0.16079446338769374,0.3050336974462196,1,0,0
205,0.9579641016202957,0.0015773490892179297,0.04045854929048634,1,0,0
206,0.03649519276543576,0.7871021365758272,0.17640267065873713,0,1,0
207,0.9810705419997244,0.00032565639050965875,0.018603801609765838,1,0,0
208,0.8733515775800402,0.013525882937387271,0.11312253948257253,0,0,1
209,0.436229410908077,0.23238514339053568,0.33138544570138734,0,0,1
210,0.2234321981726838,0.44746909199389934,0.32909870983341677,1,0,0
211,0.0011754998278062831,0.963791715584834,0.03503278458735972,0,1,0
212,0.6734762951095629,0.08197312834552634,0.24455057654491072,0,0,1
213,0.2735264728279481,0.38758604462906543,0.3388874825429865,1,0,0
214,0.00996509662875052,0.8919113254412083,0.09812357793004119,0,1,0
215,0.9434062925785462,0.002828524401779212,0.05376518301967463,1,0,0
216,0.15526338649049887,0.5426311023619826,0.3021055111475184,0,1,0
217,0.848368365166491,0.019109482879270175,0.132522151954239,1,0,0
218,0.018169373478721475,0.8523095535355745,0.12952107298570406,0,1,0
219,0.4847872295488738,0.19511093279722394,0.3201018376539023,1,0,0
220,0.007872916970928725,0.9043062830083196,0.08782080002075161,0,1,0
221,0.353964486250439,0.3043944882360996,0.34164102551346137,0,0,1
222,0.54928904253666,0.1509798764928087,0.2997310809705313,0,0,1
223,0.6965713800052714,0.0713670013342921,0.2320616186604363,1,0,0
224,0.0010070619356744085,0.9665211980165447,0.03247174004778102,0,1,0
225,0.03389983607642154,0.7952119796435683,0.17088818428001012,0,1,0
226,0.4281700824208663,0.23892928054665372,0.3329006370324801,0,1,0
227,0.01661142055503638,0.8590557437109141,0.12433283573404955,0,1,0
228,0.6614981798834619,0.0877462976140317,0.2507555225025062,1,0,0
229,0.9717312438741305,0.0007209171327921861,0.02754783899307727,1,0,0
230,0.3848130687966169,0.27599413877044354,0.3391927924329395,0,0,1
231,0.9302316180749766,0.004258693738345534,0.06550968818667789,1,0,0
232,0.7550663768161842,0.04760491954248513,0.19732870364133076,1,0,0
233,0.9674330898417888,0.0009536190634205868,0.031613291094790594,1,0,0
234,0.015630024010145006,0.8634572475112943,0.1209127284785607,0,1,0
235,0.5885487472105567,0.12695149257142319,0.28449976021802,0,1,0
236,0.12486582195659388,0.5921251323777872,0.2830090456656189,0,0,1
237,0.002035353026136122,0.9521458798541577,0.04581876711970621,0,1,0
238,0.918834857175473,0.005718690869216295,0.0754464519553108,1,0,0
239,0.8193231411822605,0.02670917041852809,0.15396768839921143,0,0,1
240,0.5913655440078137,0.12530736995199548,0.2833270860401908,1,0,0
241,0.4600435950060145,0.21365122540131334,0.3263051795926722,1,0,0
242,0.0004415938723648121,0.9779293760516474,0.02162903007598786,0,1,0
243,0.888487634397014,0.010583631413242594,0.10092873418974345,0,0,1
244,0.06358276292236677,0.71456564782025,0.22185158925738327,0,1,0
245,0.009821612055195699,0.892719664629574,0.09745872331523038,0,1,0
246,0.0038790541211800116,0.9334899214307806,0.06263102444803946,0,1,0
247,0.36843072427860124,0.29085616978338336,0.34071310593801535,0,0,1
248,0.7978634373862725,0.03307049964645584,0.16906606296727153,1,0,0
249,0.9702350998756517,0.0007983145963945239,0.028966585527953788,1,0,0
250,0.014046481751214287,0.8708403938480499,0.1151131244007358,0,1,0
251,0.920539946770735,0.0054872853006605595,0.07397276792860429,1,0,0
252,0.0078029355302312725,0.9047461874093135,0.08745087706045536,0,0,1
253,0.0624981894798582,0.7171526935618522,0.2203491169582896,0,1,0
254,0.037520690699253526,0.7839714598741285,0.1785078494266179,0,1,0
255,0.28685628970738064,0.37278698393844945,0.34035672635416997,0,1,0
256,0.9093058820152109,0.007094964136092046,0.08359915384869705,1,0,0
257,0.8815974585859666,0.011881178952053085,0.10652136246198028,1,0,0
258,0.2221151879152471,0.44914395298940885,0.328740859095344,0,1,0
259,0.001847663805246033,0.9544445700552572,0.04370776613949673,0,1,0
260,0.9443938006103154,0.002732628526013695,0.05287357086367101,1,0,0
261,0.2855232498998359,0.3742473252757807,0.3402294248243834,0,1,0
262,0.005407887391182553,0.9211328223634191,0.07345929024539838,0,0,1
263,0.941662538061058,0.0030017352382910524,0.05533572670065098,1,0,0
264,0.9018882510873711,0.008262839742487343,0.08984890917014136,1,0,0
265,0.6337720097803172,0.10182522418568012,0.2644027660340027,0,0,1
266,0.1713393148448408,0.5184516611139036,0.3102090240412555,0,0,1
267,0.5428972811863152,0.15509095921288865,0.3020117596007963,1,0,0
268,0.9807207519626704,0.0003377082254250413,0.01894153981190461,1,0,0
269,0.8206841770986527,0.026326928478611355,0.15298889442273597,1,0,0
270,0.3994769508897265,0.26309842792356036,0.337424621186713,0,1,0
271,0.0545122679777788,0.7368855171442603,0.208602214877961,0,1,0
272,0.09881343492535938,0.6395407021556403,0.2616458629190004,0,1,0
273,0.7964696123453949,0.033505285310589154,0.17002510234401594,1,0,0
274,0.8980714363718995,0.008896356994777786,0.09303220663332289,1,0,0
275,0.0009150225517077403,0.9681072598245538,0.030977717623738375,0,1,0
276,0.97178185351756,0.0007183665366976834,0.02749977994574233,1,0,0
277,0.6126852913404918,0.11320531606495089,0.27410939259455724,0,0,1
278,0.8961937926156195,0.00921607812871198,0.09459012925566863,1,0,0
279,0.8198209645144522,0.02656906325681586,0.15360997222873182,1,0,0
280,0.8793744797512474,0.012314756295939647,0.10831076395281296,1,0,0
281,0.6546396120488289,0.09113583112143638,0.2542245568297346,1,0,0
282,0.8685143824393005,0.01453686116603699,0.11694875639466253,1,0,0
283,0.0010628813725426498,0.9655936046036974,0.03334351402376003,0,1,0
284,0.6369951236867587,0.10013710345242954,0.26286777286081187,1,0,0
285,0.333781698372071,0.3239627106255855,0.3422555910023435,0,1,0
286,0.43726515320787046,0.23155171236980757,0.331183134422322,0,0,1
287,0.9012805385935233,0.008362232768887668,0.09035722863758905,1,0,0
288,0.38025425861687334,0.2800809127902888,0.3396648285928379,0,0,1
289,0.9531782646971131,0.0019499728584495394,0.04487176244443729,1,0,0
290,0.49272111722819634,0.18935993390702519,0.31791894886477856,0,0,1
291,0.8432456317361607,0.020364240369841257,0.136390127893998,1,0,0
292,0.5059558842923959,0.17997153802790233,0.3140725776797017,1,0,0
293,0.8835371431400153,0.011508801033210895,0.10495405582677379,1,0,0
294,0.07740199352273332,0.6832463147683908,0.23935169170887582,0,1,0
295,0.8062926638258954,0.03049709876182637,0.1632102374122783,1,0,0
296,0.916506795697553,0.006041956448694926,0.07745124785375211,1,0,0
297,0.04699873261397357,0.75671855761889,0.19628270976713647,0,1,0
298,0.06492651717727749,0.7113887562351119,0.2236847265876106,0,1,0
299,0.6346236409056182,0.101377858850181,0.2639985002442007,0,0,1
300,0.006914152855018297,0.910504435863922,0.08258141128105966,0,1,0
301,0.34412943879386265,0.3138288221772404,0.3420417390288969,0,0,1
302,0.0006990244374800029,0.9721685424761746,0.027132433086345376,0,1,0
303,0.00047950757270749677,0.976992877539341,0.022527614887951485,0,1,0
304,0.006863418039197873,0.9108433985620227,0.08229318339877943,0,0,1
305,0.8160859351400579,0.027628545822244395,0.15628551903769766,1,0,0
306,0.8838971162239795,0.011440304647546229,0.1046625791284744,0,0,1
307,0.17951599873455718,0.506607299362042,0.3138767019034009,0,1,0
308,0.0007927545704560533,0.9703401454510472,0.028867099978496794,0,1,0
309,0.054869594826813764,0.735974960131198,0.20915544504198816,0,1,0
310,0.10580431098173926,0.6262751284042012,0.26792056061405956,0,1,0
311,0.018991595557462222,0.848857567449115,0.13215083699342287,0,1,0
312,0.38514075634193146,0.27570181628105717,0.3391574273770115,1,0,0
313,0.1515913844618683,0.5483327151369821,0.3000759004011495,0,1,0
314,0.0996620047749214,0.637906927170381,0.26243106805469757,0,0,1
315,0.44894564255457825,0.22227089761320223,0.3287834598322196,1,0,0
316,0.9797475928032128,0.0003723716007407437,0.019880035596046525,0,0,1
317,0.2416845412314296,0.4248151646204534,0.33350029414811694,1,0,0
318,0.977226310392466,0.00046991366823440187,0.022303775939299567,1,0,0
319,0.3991311130336132,0.2633982394567428,0.337470647509644,0,0,1
320,0.682560673113677,0.07771875008150621,0.23972057680481682,1,0,0
321,0.3156577719197264,0.34224551290715194,0.34209671517312173,0,0,1
322,0.35721825419010766,0.3013147182224577,0.34146702758743464,1,0,0
323,0.7550159089341312,0.04762349283065075,0.19736059823521804,1,0,0
324,0.9681086294407607,0.000914944932643093,0.030976425626596048,1,0,0
325,0.0006377194942097206,0.9734301014478679,0.025932179057922326,0,1,0
326,0.7280503528403068,0.058025132036225696,0.2139245151234675,1,0,0
327,0.8814238272203767,0.01191478287049816,0.1066613899091251,1,0,0
328,0.7153446927924859,0.06325524657297373,0.2214000606345403,1,0,0
329,0.5167306176792695,0.17251498254089845,0.31075439977983205,0,0,1
330,0.4952014423242632,0.18758102530894505,0.3172175323667917,1,0,0
331,0.0007880535548982911,0.9704292429999514,0.028782703445150416,0,1,0
332,0.21329332457918304,0.46050977074352895,0.326196904677288,0,1,0
333,0.9238372261147962,0.0050526972485216565,0.07111007663668209,1,0,0
334,0.03875441029759696,0.7802570050171931,0.18098858468520987,0,1,0
335,0.3662650984222859,0.29285774203335163,0.34087715954436265,0,0,1
336,0.0008196854488165447,0.9698346306035825,0.029345683947600867,0,1,0
337,0.6257153299618222,0.10610438633401376,0.268180283704164,1,0,0
338,0.0006495520233490941,0.9731821297797656,0.02616831819688526,0,1,0
339,0.7545597335768165,0.04779152747038002,0.19764873895280352,0,0,1
340,0.0071419168151432896,0.9089970128590114,0.08386107032584535,0,1,0
341,0.945428911844655,0.0026338182161738093,0.05193726993917125,1,0,0
342,0.9695880333339035,0.0008329821858431665,0.029578984480253413,1,0,0
343,0.0023990657143163558,0.9479658016805085,0.049635132605175075,0,1,0
344,0.49822324159834397,0.1854259191106993,0.31635083929095675,1,0,0
345,0.07282889297263631,0.6932964692890666,0.2338746377382971,0,1,0
346,0.1795078669574202,0.5066189356457681,0.3138731973968117,1,0,0
347,0.8096574731230122,0.02949676345111053,0.16084576342587723,0,0,1
348,0.0004418216536907845,0.9779236341993649,0.021634544146944365,0,1,0
349,0.025837580042039347,0.822439984660742,0.15172243529721877,0,1,0
350,0.8179119375246107,0.027108188709884757,0.1549798737655046,1,0,0
351,0.9028623644234213,0.008104689482983464,0.08903294609359536,1,0,0
352,0.10842222266478095,0.6214168977481093,0.27016087958710977,0,1,0
353,0.9420190544531425,0.002965919749246351,0.05501502579761114,1,0,0
354,0.1277396687875581,0.5872048009606518,0.28505553025179003,0,1,0
355,0.12269843743582862,0.5958730123446658,0.28142855021950547,0,0,1
356,0.9180357049012273,0.005828707674238168,0.07613558742453455,1,0,0
357,0.0032785163794148446,0.9389734611254428,0.057748022495142305,0,1,0
358,0.0018193272167995713,0.9548012589755747,0.043379413807625666,0,1,0
359,0.5065134636673363,0.1795815810078164,0.3139049553248473,1,0,0
360,0.000902032076180539,0.9683372763554762,0.030760691568343337,0,1,0
361,0.0020813372353264362,0.9515985204274546,0.04632014233721902,0,1,0
362,0.7068102343314625,0.06688618864181063,0.22630357702672696,0,0,1
363,0.007873415761251433,0.9043031542380059,0.08782343000074261,0,1,0
364,0.8997784050788907,0.00861031061588827,0.09161128430522096,1,0,0
365,0.03364464742283169,0.796024617947183,0.17033073462998527,0,1,0
366,0.9311247497712964,0.004152947930986875,0.06472230229771678,1,0,0
367,0.027224842119039236,0.8175011867848689,0.1552739710960917,0,1,0
368,0.0003494737807104789,0.9803851523651608,0.019265373854128763,0,1,0
369,0.19726494592928104,0.48184823705795493,0.32088681701276395,0,1,0
370,0.04776098171589141,0.7546426030020084,0.19759641528210029,0,1,0
371,0.0042604288513461,0.9302170520630663,0.06552251908558773,0,1,0
372,0.1992367393382458,0.47917312542556456,0.3215901352361896,0,1,0
373,0.01047637252784199,0.8890744662426275,0.10044916122953057,0,1,0
374,0.008480513437731787,0.9005617586737505,0.09095772788851773,0,1,0
375,0.1906527356210064,0.49092641295923695,0.3184208514197566,0,0,1
376,0.8080451509791138,0.029974173893303233,0.16198067512758296,1,0,0
377,0.9753670854545526,0.0005489639200444403,0.024083950625403003,1,0,0
378,0.8540893057025295,0.01775206454280403,0.12815862975466658,1,0,0
379,0.00888709484277592,0.8981262997061707,0.0929866054510534,0,1,0
380,0.9170101514233869,0.005971348415824457,0.07701850016078869,1,0,0
381,0.05562210972519563,0.7340663237153756,0.21031156655942868,0,1,0
382,0.8119178144528586,0.028833437636295804,0.15924874791084562,1,0,0
383,0.29171847722941086,0.36749657922228895,0.3407849435483002,0,1,0
384,0.0009142390627925692,0.9681210873705285,0.03096467356667896,0,1,0
385,0.0005464852858526627,0.9754233039803298,0.02403021073381759,0,1,0
386,0.7748754597391662,0.04057447704463531,0.18455006321619843,1,0,0
387,0.3418024540373349,0.3160889306552496,0.34210861530741543,0,0,1
388,0.9735656988626559,0.0006312942225223788,0.025803006914821756,1,0,0
389,0.969943177535187,0.0008138656421934976,0.02924295682261952,1,0,0
390,0.003771254181654726,0.9344426149871221,0.0617861308312232,0,1,0
391,0.6174142754824039,0.11060236905021333,0.2719833554673827,1,0,0
392,0.3403934296103109,0.3174627243294238,0.3421438460602652,0,1,0
393,0.9090451971821427,0.00713458245275149,0.0838202203651058,1,0,0
394,0.13990490392681665,0.56696180215097,0.2931332939222133,1,0,0
395,0.9323229664016086,0.004013075503343916,0.06366395809504749,1,0,0
396,0.0008622529564879292,0.9690518726568844,0.030085874386627704,0,1,0
397,0.0017034001524053773,0.9562892998483323,0.04200729999926222,0,1,0
398,0.009656997946790475,0.8936539001401513,0.0966891019130582,0,1,0
399,0.18695039067683078,0.4960837599841621,0.3169658493390071,0,1,0
400,0.9674180484082736,0.0009544890616343494,0.03162746253009199,1,0,0
401,0.2621845121619353,0.40053264198601846,0.3372828458520463,0,1,0
402,0.19367173118825987,0.48676072691859745,0.3195675418931427,0,1,0
403,0.019641537621624412,0.846177684630822,0.13418077774755363,0,0,1
404,0.9292481144129542,0.004376606252821709,0.0663752793342241,1,0,0
405,0.6833512358197771,0.07735357526627247,0.23929518891395038,0,0,1
406,0.00047580348663684113,0.977082728773971,0.02244146773939219,0,1,0
407,0.809804717939934,0.02945334050756575,0.1607419415525002,1,0,0
408,0.9388353238014898,0.0032930504592890847,0.057871625739220965,1,0,0
409,0.9618767790472964,0.001301222913061374,0.03682199803964217,1,0,0
410,0.5451628663114675,0.1536273122393829,0.30120982144914965,0,0,1
411,0.9120413651924334,0.006685526901533388,0.08127310790603322,1,0,0
412,0.011988454326300697,0.8810439666649783,0.10696757900872089,0,1,0
413,0.7947119842210596,0.034057289259618165,0.17123072651932225,1,0,0
414,0.04304467350910274,0.7677468805827287,0.18920844590816854,0,1,0
415,0.822087511667732,0.025935474782269066,0.15197701354999896,1,0,0
416,0.9667964821669528,0.0009907787637609415,0.03221273906928621,1,0,0
417,0.027870618467052844,0.815241887774328,0.15688749375861913,0,1,0
418,0.3429685929090895,0.3149549557427248,0.3420764513481856,0,1,0
419,0.624192569779278,0.1069227286762656,0.26888470154445643,0,1,0
420,0.11621540609069385,0.6072821940394352,0.276502399869871,0,1,0
421,0.03348944986052983,0.7965202302154764,0.1699903199239939,0,0,1
422,0.9233018138163565,0.005122106130539614,0.07157608005310392,1,0,0
423,0.004503872812846227,0.9282006656656658,0.06729546152148794,0,1,0
424,0.971054990975173,0.0007554226855062909,0.028189586339320758,1,0,0
425,0.05170780498662825,0.7441304502102432,0.20416174480312865,0,0,1
426,0.7879406039786603,0.036222769164161533,0.17583662685717807,1,0,0
427,0.9449424539509292,0.002680036840476034,0.05237750920859468,1,0,0
428,0.0073788695322728245,0.9074526906840783,0.08516843978364891,0,1,0
429,0.02744104404807873,0.8167420577552784,0.15581689819664288,0,1,0
430,0.9290155790831559,0.004404709413161392,0.06657971150368264,1,0,0
431,0.24776140460375232,0.41749391645149336,0.33474467894475435,0,0,1
432,0.9623997683403129,0.001266270329700153,0.03633396132998697,1,0,0
433,0.8720026469740009,0.01380439260385943,0.11419296042213975,1,0,0
434,0.9478393305553524,0.002410518764545974,0.04975015068010145,0,0,1
435,0.931352326243345,0.0041262060689324954,0.06452146768772252,1,0,0
436,0.007023805270570669,0.9097758340638187,0.08320036066561064,0,1,0
437,0.021415744971396682,0.8390643988910945,0.13951985613750886,0,1,0
438,0.0046230983491927485,0.9272321237909678,0.06814477785983945,0,1,0
439,0.18102068795872256,0.5044589313920337,0.31452038064924365,0,0,1
440,0.015970352922374954,0.8619167075835312,0.12211293949409383,0,1,0
441,0.6955005639900814,0.07184347428437586,0.2326559617255427,1,0,0
442,0.15314765566559466,0.5459077288270932,0.3009446155073121,0,0,1
443,0.0035096617754014404,0.9368101471093825,0.05968019111521591,0,1,0
444,0.6146471816928053,0.11212186904620093,0.2732309492609937,1,0,0
445,0.5903453694839443,0.12590160739314324,0.28375302312291245,0,1,0
446,0.00393224336255826,0.9330245199743145,0.06304323666312736,0,1,0
447,0.011901865550310043,0.8814905438470233,0.10660759060266675,0,1,0
448,0.8578676675886956,0.01688108207745592,0.12525125033384849,1,0,0
449,0.12216525010522666,0.5967999962950435,0.28103475359972974,0,1,0
450,0.9169992500467585,0.005972873433196914,0.07702787652004456,1,0,0
451,0.041188059064471934,0.7730864658856337,0.1857254750498944,0,0,1
452,0.26694759528073525,0.39505489012513256,0.3379975145941323,0,0,1
453,0.0022404353076694015,0.9497483970745931,0.04801116761773757,0,1,0
454,0.01859526678233858,0.8505126514181354,0.1308920817995262,0,1,0
455,0.870131840441731,0.01419503097421089,0.11567312858405815,1,0,0
456,0.004113435353360981,0.9314612549665722,0.06442530968006682,0,1,0
457,0.25026926446638315,0.4145033113334043,0.33522742420021256,0,1,0
458,0.03042529062548574,0.8065324893124535,0.1630422200620608,1,0,0
459,0.023619409603157785,0.8305992110051751,0.1457813793916671,0,1,0
460,0.2933861470785811,0.36569496045529526,0.34091889246612367,0,1,0
461,0.00044705808652899904,0.9777920343468367,0.02176090756663442,0,1,0
462,0.2890700765353131,0.3703712305962795,0.3405586928684073,1,0,0
463,0.00139764817523407,0.9604683623709118,0.03813398945385409,0,0,1
464,0.9595685412149652,0.0014610039470117793,0.038970454838023014,1,0,0
465,0.30238288455270035,0.3560872994822841,0.3415298159650155,0,0,1
466,0.7720238928261483,0.04155450891576548,0.18642159825808632,1,0,0
467,0.8853666372393617,0.011162668232678,0.10347069452796019,1,0,0
468,0.0008201321601960621,0.9698263144418036,0.029353553398000304,0,1,0
469,0.675607755640256,0.08096532024421352,0.24342692411553052,0,0,1
470,0.9750003281311099,0.0005652689639005918,0.02443440290498947,1,0,0
471,0.21029222355919644,0.4644360320152159,0.3252717444255876,1,0,0
472,0.6717547678353886,0.08279141038334227,0.24545382178126918,1,0,0
473,0.5809724737008651,0.13142631119130663,0.2876012151078283,1,0,0
474,0.9559046524201377,0.0017330123269337263,0.04236233525292859,1,0,0
475,0.6324228433125192,0.10253588794707835,0.26504126874040246,1,0,0
476,0.011578384897367448,0.8831724802669767,0.10524913483565577,0,0,1
477,0.008157510774555767,0.9025360279529602,0.08930646127248404,0,1,0
478,0.8654967749236961,0.015184714605499097,0.11931851047080488,1,0,0
479,0.778041520535778,0.03949902728594309,0.18245945217827897,1,0,0
480,0.8618366290768644,0.01598813672900073,0.1221752341941348,1,0,0
481,0.9288814109182445,0.004420963385254612,0.06669762569650087,1,0,0
482,0.018391769134147053,0.8513688255672237,0.1302394052986293,0,0,1
483,0.929343599184272,0.004365091244997025,0.066291309570731,1,0,0
484,0.01012601429212007,0.8910112463214915,0.09886273938638847,0,1,0
485,0.014675980547619144,0.8678611852333189,0.11746283421906212,0,1,0
486,0.0711991251068529,0.6969494599001408,0.2318514149930063,0,1,0
487,0.8826180878800957,0.01168454833235357,0.10569736378755076,1,0,0
488,0.4496546013672121,0.22171451990684535,0.32863087872594254,0,0,1
489,0.0014496953881466804,0.9597277434666659,0.03882256114518746,0,1,0
490,0.7061457019940854,0.06717287941114669,0.2266814185947679,1,0,0
491,0.8536974024517485,0.017843569761162303,0.12845902778708906,1,0,0
492,0.06140583657255182,0.7197795349176247,0.21881462850982344,0,1,0
493,0.3225389840879606,0.3352221961103365,0.34223881980170284,1,0,0
494,0.9303497043228408,0.004244639676154372,0.06540565600100484,1,0,0
495,0.758484578664119,0.04635475360233493,0.19516066773354598,1,0,0
496,0.29074721174040913,0.3685488848429472,0.3407039034166437,0,0,1
497,0.02444639498706766,0.827517457725949,0.1480361472869834,0,1,0
498,0.005849603753872775,0.9178847287494175,0.0762656674967097,0,1,0
499,0.010428923894546452,0.8893349643024283,0.10023611180302529,0,1,0
500,0.7341703196402585,0.05558098485942904,0.21024869550031244,1,0,0
501,0.02718575030266701,0.8176387430405302,0.15517550665680285,0,1,0
502,0.0004577978335717979,0.9775244760036307,0.02201772616279744,0,1,0
503,0.5726592403582108,0.13642511405020685,0.2909156455915822,0,0,1
504,0.003502612656185819,0.9368750932673343,0.059622294076479884,0,1,0
505,0.10795689077940859,0.6222762598951238,0.2697668493254675,0,1,0
506,0.23831238309057876,0.42892431929477604,0.33276329761464524,0,1,0
507,0.007577752076969068,0.9061744753343214,0.08624777258870951,0,1,0
508,0.006328754709244592,0.9144903383624207,0.07918090692833472,0,1,0
509,0.004167563063283715,0.931000668836448,0.06483176810026824,0,1,0
510,0.5856481150421825,0.12865562856788373,0.2856962563899337,1,0,0
511,0.8547062206383876,0.017608464310704047,0.12768531505090833,1,0,0
512,0.7505139841476113,0.04929377925942166,0.20019223659296712,0,0,1
513,0.020922060781671387,0.8410153628121748,0.1380625764061538,0,1,0
514,0.0022527468811626757,0.9496079121905207,0.048139340928316586,0,0,1
515,0.0013489297687693986,0.9611738456568452,0.037477224574385536,0,1,0
516,0.9656915500831913,0.0010569180742665872,0.033251531842542176,1,0,0
517,0.0027384864278931897,0.9443330045765371,0.052928508995569806,0,1,0
518,0.9538791945413005,0.0018930129785424477,0.04422779248015705,1,0,0
519,0.005915091521680916,0.9174132228529838,0.07667168562533526,0,1,0
520,0.3975243495040387,0.2647938787948307,0.3376817717011306,1,0,0
521,0.8607075986602961,0.016239851069841837,0.1230525502698621,1,0,0
522,0.49134397903559063,0.19035152266534644,0.3183044982990629,1,0,0
523,0.9759184120515771,0.0005248940005842617,0.02355669394783859,1,0,0
524,0.7865298862958353,0.036681661514466835,0.17678845218969796,1,0,0
525,0.9730867893527803,0.0006541297581755723,0.026259080889044217,1,0,0
526,0.9072761971907617,0.007406182236732085,0.08531762057250612,1,0,0
527,0.002775891932442601,0.9439462580148869,0.05327785005267058,0,1,0
528,0.0007508839918007274,0.9711430663659765,0.028106049642222797,0,1,0
529,0.16478668913776148,0.5281590073056881,0.3070543035565504,0,0,1
530,0.021693027956657486,0.8379777519776395,0.14032922006570295,0,1,0
531,0.17734061485668565,0.5097302013894048,0.31292918375390943,0,1,0
532,0.7212558178009705,0.06079587492666533,0.2179483072723641,0,0,1
533,0.0004294584752157848,0.9782374153029075,0.02133312622187681,0,1,0
534,0.8149230611413361,0.027962311667546313,0.15711462719111755,1,0,0
535,0.0014066868780000792,0.9603387951328168,0.03825451798918314,0,1,0
536,0.09314258593519224,0.6506362238693878,0.25622119019542,0,1,0
537,0.6868032907147227,0.07576850197922372,0.23742820730605357,1,0,0
538,0.03967068054673941,0.7775335375368425,0.18279578191641815,0,0,1
539,0.04270644174801343,0.768711580870989,0.18858197738099763,0,1,0
540,0.14401069794060117,0.5603302439698385,0.29565905808956033,0,1,0
541,0.9351378493410656,0.003693503820905468,0.06116864683802894,1,0,0
542,0.11304022265610263,0.6129836478344902,0.27397612950940714,0,1,0
543,0.00851140122934764,0.9003748353611004,0.09111376340955205,0,1,0
544,0.18484250241843658,0.4990445095508457,0.3161129880307176,0,0,1
545,0.3573462077108432,0.3011940229171164,0.3414597693720403,0,1,0
546,0.9618698007851959,0.0013016924130834463,0.03682850680172065,1,0,0
547,0.46217327276199127,0.21201891376521936,0.32580781347278925,0,0,1
548,0.9654856890408025,0.001069470611599738,0.0334448403475977,1,0,0
549,0.7942413981225227,0.03420578876433488,0.1715528131131425,1,0,0
550,0.8559791659843419,0.017313872031687078,0.12670696198397102,1,0,0
551,0.112068095919228,0.6147447931349624,0.2731871109458096,1,0,0
552,0.2711382979905574,0.3902844172069749,0.33857728480246774,1,0,0
553,0.3761722769174852,0.28377207130247467,0.34005565178004005,0,1,0
554,0.9547307962819842,0.0018249082217274702,0.043444295496288296,1,0,0
555,0.284561563658528,0.3753035194674555,0.34013491687401654,1,0,0
556,0.9762068566510885,0.0005125120642838197,0.023280631284627592,1,0,0
557,0.1392298928921469,0.5680613880725724,0.2927087190352807,0,0,1
558,0.9502341225165005,0.002198118968363702,0.047567758515135755,0,0,1
559,0.3196711166874549,0.3381369361907936,0.34219194712175144,0,1,0
560,0.0009042627857320923,0.9682976637665807,0.03079807344768725,0,1,0
561,0.885497356843303,0.011138126132203606,0.1033645170244935,1,0,0
562,0.018194101226087063,0.8522046926571291,0.12960120611678383,0,1,0
563,0.6385796564801031,0.0993121725072998,0.26210817101259715,1,0,0
564,0.0006324164343542617,0.9735419674126928,0.025825616152952865,0,1,0
565,0.013006464241820333,0.8759024345870392,0.11109110117114057,0,0,1
566,0.6108318264709741,0.11423354740817514,0.27493462612085084,1,0,0
567,0.6146361754701377,0.11212793304703882,0.27323589148282357,0,0,1
568,0.3022672999481418,0.3562095529679704,0.3415231470838878,0,1,0
569,0.5250000998968875,0.16690439632161283,0.30809550378149975,0,0,1
570,0.030508491629079388,0.8062546377943293,0.16323687057659136,0,1,0
571,0.47589062017304723,0.20167085667830753,0.3224385231486452,1,0,0
572,0.00991768083710373,0.8921778404432804,0.0979044787196159,0,1,0
573,0.31214137333786357,0.3458740935762791,0.34198453308585736,1,0,0
574,0.05037783250965646,0.7476298570456088,0.2019923104447347,0,1,0
575,0.001197189316734454,0.9634544890535989,0.03534832162966664,0,1,0
576,0.9806665253340758,0.0003395958814288311,0.018993878784495197,1,0,0
577,0.013050863184224753,0.8756825549397245,0.1112665818760509,0,1,0
578,0.0011925432190829182,0.9635264744292706,0.03528098235164642,0,1,0
579,0.006134914988171511,0.9158483385815038,0.07801674643032463,0,1,0
580,0.5872682518312243,0.1277024028191021,0.2850293453496735,0,1,0
581,0.021669302301921576,0.8380704780541467,0.14026021964393187,0,1,0
582,0.08319555639356191,0.6709074821557875,0.24589696145065057,0,1,0
583,0.28367435918333067,0.3762799048850068,0.3400457359316625,1,0,0
584,0.8326659299157497,0.02307219010197201,0.14426187998227824,0,0,1
585,0.02056398043718722,0.8424438182915063,0.1369922012713065,0,1,0
586,0.011587170471591857,0.8831265113854435,0.10528631814296464,0,1,0
587,0.016549112756026385,0.8593315320456246,0.12411935519834903,0,1,0
588,0.9576225476389928,0.0016026743587626206,0.04077477800224449,1,0,0
589,0.6808149925406887,0.078527980060077,0.24065702739923425,0,1,0
590,0.01606971656350399,0.8614698140235406,0.12246046941295528,0,1,0
591,0.565972339243874,0.14051371506472204,0.293513945691404,1,0,0
592,0.4613189036037603,0.21267291600499255,0.3260081803912471,0,0,1
593,0.005368315359244055,0.9214298561193554,0.07320182852140066,0,1,0
594,0.011427009250375944,0.883967105110565,0.10460588563905913,0,1,0
595,0.038263510983299165,0.7817283585031363,0.18000813051356457,0,1,0
596,0.005189031795311581,0.9227888141980367,0.07202215400665168,0,1,0
597,0.864331017413407,0.015438511922993328,0.12023047066359958,0,0,1
598,0.10490348243486114,0.6279602727375395,0.26713624482759946,0,0,1
599,0.0018937514941950316,0.9538700418662936,0.04423620663951142,0,1,0
600,0.38259332036250476,0.2779793834280014,0.3394272962094938,1,0,0
601,0.945465610308164,0.0026303471669237616,0.05190404252491207,1,0,0
602,0.07165054985744707,0.6959337361597409,0.2324157139828121,0,1,0
603,0.9811986942186752,0.00032129496659515864,0.018480010814729605,1,0,0
604,0.2894895684478984,0.36991478980655823,0.3405956417455433,0,1,0
605,0.760986342376746,0.045449525133726985,0.19356413248952695,1,0,0
606,0.44186683467167304,0.22786959462059353,0.33026357070773343,1,0,0
607,0.001449887314162282,0.9597250365090761,0.038825076176761696,0,1,0
608,0.2865803895489059,0.37308887986301265,0.3403307305880814,0,0,1
609,0.20769101653272434,0.46786434033556945,0.3244446431317063,0,1,0
610,0.4762214596028831,0.2014247930516816,0.32235374734543526,1,0,0
611,0.07918472755182734,0.6794044733135614,0.24141079913461144,0,1,0
612,0.0811502846993414,0.6752156304742049,0.24363408482645374,0,0,1
613,0.8624128232361116,0.015860381016039905,0.12172679574784855,1,0,0
614,0.07397830911600725,0.6907431709125034,0.23527851997148938,0,1,0
615,0.7963952868648884,0.033528543784105844,0.17007616935100578,1,0,0
616,0.9611930279954749,0.0013476168231881024,0.03745935518133699,0,0,1
617,0.5962377598276184,0.12248850376367867,0.28127373640870285,0,0,1
618,0.43377935785060134,0.23436348266243073,0.3318571594869679,1,0,0
619,0.8214454130480539,0.02611424889272972,0.15244033805921636,1,0,0
620,0.9457482899407496,0.0026036843165326193,0.05164802574271785,1,0,0
621,0.002660120998857748,0.945151572346327,0.05218830665481528,0,1,0
622,0.012384112141322054,0.8790223043441144,0.10859358351456341,0,1,0
623,0.01033137682419153,0.8898722600202082,0.09979636315560013,0,1,0
624,0.9634027354432407,0.00120053504115974,0.03539672951559955,1,0,0
625,0.9437354628803994,0.0027963823920970823,0.05346815472750358,1,0,0
626,0.007789512029962871,0.904830780114864,0.08737970785517324,0,1,0
627,0.8571526671640894,0.01704434054851679,0.1258029922873938,1,0,0
628,0.0005755073241184526,0.9747726787576996,0.024651813918182088,0,1,0
629,0.9733196937851577,0.0006429746880339201,0.0260373315268083,1,0,0
630,0.35078911534231516,0.30741978918479457,0.34179109547289027,1,0,0
631,0.9585491272798287,0.0015344255578420409,0.03991644716232928,1,0,0
632,0.15379253254467914,0.5449065697453809,0.30130089770994,0,1,0
633,0.8870930420030555,0.010840583223593023,0.10206637477335148,1,0,0
634,0.13105553763605438,0.5815953126749392,0.2873491496890063,0,1,0
635,0.5106087612237485,0.1767311441559843,0.31266009462026706,1,0,0
636,0.0012717655471720152,0.9623170836879735,0.03641115076485439,0,1,0
637,0.005167262508738658,0.9229553334071442,0.07187740408411725,0,1,0
638,0.8816459159064783,0.011871808640529995,0.10648227545299159,1,0,0
639,0.004450352097038302,0.9286394179377738,0.06691022996518792,0,1,0
640,0.479345108760672,0.19910965111051748,0.3215452401288106,1,0,0
641,0.3841461951922707,0.2765896338794374,0.3392641709282919,0,1,0
642,0.054233248473813375,0.7375984552243252,0.20816829630186143,0,1,0
643,0.43617617692696004,0.2324280256501513,0.3313957974228886,0,1,0
644,0.9763372155881099,0.000506963801125438,0.023155820610764693,1,0,0
645,0.9794077647009277,0.0003848684837308403,0.02020736681534131,1,0,0
646,0.22352898080492592,0.447346232694813,0.3291247865002611,0,1,0
647,0.00037887296880976216,0.9795701124511816,0.02005101458000866,0,1,0
648,0.0052139617122128595,0.9225985258676846,0.07218751242010236,1,0,0
649,0.05166209440784796,0.7442500262659569,0.2040878793261951,0,0,1
650,0.9767368049071931,0.0004901414452500296,0.02277305364755693,1,0,0
651,0.8510439624883078,0.01846886105087865,0.13048717646081362,1,0,0
652,0.3849842311445309,0.27584142487334856,0.3391743439821205,1,0,0
653,0.056836430505259536,0.7310114962175873,0.21215207327715302,0,1,0
654,0.0003576352179464349,0.9801556138323319,0.01948675094972174,0,1,0
655,0.7803309402304083,0.03872967377124697,0.18093938599834483,0,0,1
656,0.974963098302049,0.0005669371840741181,0.024469964513876962,1,0,0
657,0.017594793354847135,0.8547650734743759,0.12764013317077696,0,1,0
658,0.13925513681194732,0.5680202178660421,0.2927246453220107,0,1,0
659,0.013293283781756532,0.8744881096536681,0.11221860656457529,1,0,0
660,0.7232003144236621,0.05999678792509288,0.21680289765124505,0,0,1
661,0.0007363221744654124,0.9714274169903603,0.027836260835174317,0,1,0
662,0.8002354749616286,0.03233660412978656,0.16742792090858472,1,0,0
663,0.007438437590339463,0.9070681597838434,0.08549340262581724,0,1,0
664,0.3054669044072963,0.35283652012366745,0.34169657546903626,0,1,0
665,0.001156013719253588,0.964097275358659,0.034746710922087434,0,1,0
666,0.9647393485977963,0.0011155842915671042,0.03414506711063669,1,0,0
667,0.2277626370194328,0.4420011362686206,0.33023622671194663,0,0,1
668,0.0020630928489350567,0.9518149811984058,0.04612192595265916,0,1,0
669,0.9810954300768033,0.00032480710451987727,0.0185797628186767,1,0,0
670,0.3701309308491939,0.28929087591993813,0.3405781932308679,1,0,0
671,0.036010062155814204,0.7885973007647986,0.17539263707938715,0,1,0
672,0.04858210520471364,0.7524233881483691,0.19899450664691723,0,1,0
673,0.9323854111867098,0.004005848840297515,0.06360873997299256,1,0,0
674,0.004162784544077128,0.9310412150745433,0.06479600038137959,0,1,0
675,0.3467733854163983,0.3112739222354934,0.3419526923481083,1,0,0
676,0.9725687667097938,0.000679277454778776,0.026751955835427457,1,0,0
677,0.9779663202193261,0.00044012966455539545,0.02159355011611859,1,0,0
678,0.18863727718764375,0.4937272000982731,0.3176355227140831,0,0,1
679,0.9355195197886189,0.0036511498608317737,0.060829330350549216,1,0,0
680,0.9460494379240181,0.0025754233269034373,0.05137513874907859,1,0,0
681,0.004631602389321658,0.927163497613338,0.06820489999734036,0,1,0
682,0.944019084743827,0.002768829606036161,0.05321208565013683,1,0,0
683,0.21248967848522243,0.4615581321009484,0.3259521894138292,1,0,0
684,0.006486087294595299,0.9134025209051356,0.0801113918002691,0,1,0
685,0.41649530075615887,0.24859716490900766,0.3349075343348336,1,0,0
686,0.5545479310727393,0.1476396420299121,0.2978124268973488,1,0,0
687,0.8843906355730637,0.011346707976619129,0.10426265645031707,1,0,0
688,0.9770508202625087,0.00047711728881004656,0.022472062448681267,1,0,0
689,0.8398296087384607,0.02122147578285826,0.13894891547868102,1,0,0
690,0.9294812213743011,0.00434852012180074,0.06617025850389809,1,0,0
691,0.0008006508891746172,0.9701910670106215,0.029008282100203866,0,1,0
692,0.0017792770322994143,0.9553100100587308,0.0429107129089698,0,1,0
693,0.8681351127337057,0.014617563693585025,0.11724732357270924,1,0,0
694,0.8739429343544691,0.013404622694567178,0.11265244295096366,1,0,0
695,0.8656066323311756,0.015160898540361432,0.11923246912846305,1,0,0
696,0.9553509863872721,0.0017760700454666257,0.04287294356726127,1,0,0
697,0.5020294497302895,0.18273030141496,0.3152402488547505,1,0,0
698,0.8599408501000916,0.016411837956577965,0.1236473119433304,1,0,0
699,0.9480299594534977,0.0023932657229531595,0.04957677482354925,1,0,0
700,0.8698742921445901,0.014249206849861567,0.1158765010055484,1,0,0
701,0.7707669335372818,0.041989932037257226,0.187243134425461,1,0,0
702,0.1602753113971835,0.5349593977052141,0.30476529089760246,1,0,0
703,0.0006216778738121166,0.9737699094543978,0.025608412671790075,0,1,0
704,0.024983358572635644,0.8255422347471462,0.14947440668021814,0,1,0
705,0.967211403394027,0.000966480603196211,0.031822116002777,0,0,1
706,0.007316682955803883,0.90785569199774,0.0848276250464562,0,1,0
707,0.642117310285281,0.09748224300086125,0.26040044671385787,0,0,1
708,0.9547414248959146,0.0018240658516466102,0.0434345092524387,1,0,0
709,0.19052115859413868,0.491108772107686,0.31837006929817524,0,1,0
710,0.7735592236955178,0.04102550099156984,0.18541527531291233,1,0,0
711,0.00038054774992740925,0.979524635959128,0.020094816290944756,0,1,0
712,0.4599705170590039,0.2137073604409852,0.326322122500011,0,0,1
713,0.04709181953083603,0.7564642083575551,0.1964439721116088,0,1,0
714,0.008649377685968317,0.8995437171735893,0.09180690514044254,0,0,1
715,0.9628560299989533,0.0012361553064141107,0.03590781469463262,1,0,0
716,0.8915515505488719,0.010029272654043117,0.09841917679708498,1,0,0
717,0.8868001329497435,0.010894918265483012,0.10230494878477348,1,0,0
718,0.5619929918755223,0.14297561972013065,0.2950313884043471,1,0,0
719,0.0691404300981445,0.7016203571407225,0.22923921276113313,0,1,0
720,0.8721253586495462,0.013778947219044102,0.11409569413140967,1,0,0
721,0.011879687928170903,0.8816051680215119,0.10651514405031715,0,1,0
722,0.05167861211669163,0.7442068113019978,0.2041145765813106,0,1,0
723,0.0010858304636416013,0.9652191467528193,0.033695022783539134,0,1,0
724,0.5291405278401592,0.16413154445810854,0.30672792770173235,1,0,0
725,0.12553473022569966,0.5909749349618598,0.28349033481244057,0,1,0
726,0.979010617139425,0.0003997303059096768,0.02058965255466531,1,0,0
727,0.2738509179454924,0.3872205782840882,0.33892850377041944,0,0,1
728,0.958653889621147,0.0015267997390909672,0.03981931063976201,1,0,0
729,0.38665632797513944,0.274352300796641,0.3389913712282195,1,0,0
730,0.005522132486499616,0.9202810250008092,0.07419684251269122,0,1,0
731,0.9424980204253396,0.0029181280707151597,0.05458385150394528,1,0,0
732,0.9647117364916434,0.0011173085238356131,0.034170954984520885,1,0,0
733,0.16093576497406537,0.5339577105808561,0.3051065244450785,0,1,0
734,0.26565834437554087,0.396531688246481,0.33780996737797814,0,1,0
735,0.001309797941534418,0.9617495191365554,0.036940682921910266,0,0,1
736,0.9811940905879796,0.00032145114107154843,0.01848445827094888,1,0,0
737,0.02385141469720371,0.8297296774791194,0.14641890782367686,0,0,1
738,0.012811639898412646,0.8768714459536469,0.11031691414794051,0,1,0
739,0.005137671106409225,0.9231822218815127,0.07168010701207815,0,0,1
740,0.12562501652875915,0.5908199183959862,0.2835550650752547,0,1,0
741,0.9364306134817005,0.00355099121314059,0.06001839530515894,1,0,0
742,0.016319377382963768,0.860352589003386,0.12332803361365018,0,1,0
743,0.9300292532633647,0.004282829768429013,0.06568791696820629,1,0,0
744,0.6186239337615282,0.10994127211751731,0.27143479412095434,1,0,0
745,0.0016568533689911799,0.9569005256975223,0.04144262093348661,0,0,1
746,0.0007907355609215828,0.9703783796713219,0.028830884767756488,0,1,0
747,0.03243737829200183,0.7999082997369895,0.16765432197100863,0,1,0
748,0.741835949057156,0.05258855675048443,0.20557549419235965,0,0,1
749,0.536205243048934,0.15945582871049518,0.30433892824057085,1,0,0
750,0.8926748543617135,0.009829540539614604,0.09749560509867188,0,0,1
751,0.013584952173803002,0.8730644074684629,0.113350640357734,0,1,0
752,0.9510834756290727,0.002125059472945909,0.04679146489798124,1,0,0
753,0.2929024038885437,0.3662168838053643,0.34088071230609185,0,1,0
754,0.9660519363523594,0.0010351171266671445,0.03291294652097348,1,0,0
755,0.8413669658166083,0.02083365642963966,0.13779937775375203,1,0,0
756,0.013835009772586613,0.8718551338717335,0.11430985635567989,0,1,0
757,0.9233931317566003,0.005110236156692846,0.07149663208670685,1,0,0
758,0.6719295071466898,0.08270817745318448,0.2453623154001256,1,0,0
759,0.9710969048332224,0.0007532611161167076,0.028149834050660842,1,0,0
760,0.051115391564109006,0.7456839861706059,0.203200622265285,0,1,0
761,0.9665747347131822,0.0010038850827089052,0.032421380204108834,1,0,0
762,0.3413948128985094,0.3164859700042452,0.34211921709724535,1,0,0
763,0.9702830581522985,0.000795773825433017,0.028921168022268542,1,0,0
764,0.0009693711102482801,0.967161779890337,0.031868848999414716,0,1,0
765,0.005728144363967724,0.9187659029892805,0.07550595264675171,0,1,0
766,0.9628639863340633,0.0012356332846431472,0.0359003803812934,1,0,0
767,0.011389916732975354,0.884162567255384,0.10444751601164066,0,1,0
768,0.5707796720368968,0.13756823064635332,0.2916520973167499,1,0,0
769,0.0007416238836776742,0.9713235741004986,0.027934802015823754,0,1,0
770,0.0029759472216724057,0.941919031107798,0.05510502167052945,0,1,0
771,0.9479934739571612,0.0023965632554502005,0.04960996278738869,1,0,0
772,0.9138816006248688,0.00641657191947988,0.07970182745565137,1,0,0
773,0.0026467037831935506,0.9452928793207295,0.052060416896076905,0,1,0
774,0.883503585480212,0.011515196202201589,0.10498121831758649,1,0,0
775,0.02581258900807445,0.8225300644903457,0.15165734650157991,0,1,0
776,0.8964412702552005,0.009173634555811752,0.09438509518898788,1,0,0
777,0.1049379204993907,0.6278957226030296,0.26716635689757967,0,1,0
778,0.7233867538668036,0.05992042960413039,0.21669281652906594,1,0,0
779,0.1309495481634029,0.5817735186212791,0.287276933215318,0,1,0
780,0.49142374066526084,0.1902940154485723,0.31828224388616694,0,1,0
781,0.91101051906461,0.006838469029381671,0.08215101190600843,0,0,1
782,0.9800140886354995,0.00036271347432779776,0.01962319789017263,1,0,0
783,0.3239815419794742,0.3337626739467987,0.34225578407372714,1,0,0
784,0.8114195664601376,0.028979056111872986,0.15960137742798947,1,0,0
785,0.9338777273206748,0.0038349975298493824,0.06228727514947575,1,0,0
786,0.9696312908828126,0.0008306421422859757,0.029538066974901474,1,0,0
787,0.9070930142404945,0.007434580527288314,0.08547240523221715,1,0,0
788,0.7899182218540629,0.03558396197695021,0.17449781616898677,1,0,0
789,0.008731601402317381,0.8990513983807362,0.09221700021694636,0,0,1
790,0.05184703864186757,0.7437665251262272,0.20438643623190525,0,1,0
791,0.8466000844641048,0.019538421339505493,0.1338614941963898,1,0,0
792,0.9111782839408242,0.0068134670387318364,0.08200824902044399,1,0,0
793,0.022080866383100833,0.8364685803756993,0.14145055324119982,0,1,0
794,0.9763191649102497,0.0005077302958595148,0.023173104793890807,1,0,0
795,0.28681031316651867,0.37283727973067304,0.34035240710280834,0,1,0
796,0.8941530939770532,0.009569574853447308,0.09627733116949949,1,0,0
797,0.0032655244200187087,0.939097190242066,0.05763728533791533,0,1,0
798,0.9414284057732829,0.0030253683237669816,0.055546225902950136,1,0,0
799,0.6112616877906437,0.11399467316659206,0.2747436390427642,1,0,0
800,0.0011358289044236531,0.9644164464184936,0.03444772467708281,0,1,0
801,0.623399812174331,0.10734996636778177,0.2692502214578873,0,1,0
802,0.8903360696645993,0.010247517153842192,0.09941641318155835,0,0,1
803,0.4730934496389531,0.20375784674916492,0.32314870361188197,1,0,0
804,0.8915726315288082,0.010025506932755647,0.09840186153843619,1,0,0
805,0.0017507191200310482,0.9556761691118901,0.04257311176807871,0,1,0
806,0.4416417109379513,0.22804894707366383,0.3303093419883848,1,0,0
807,0.10393345680855695,0.6297826938252128,0.2662838493662303,1,0,0
808,0.9216757566814541,0.005335659980338766,0.07298858333820714,1,0,0
809,0.9661137602771033,0.001031399446703229,0.03285484027619353,1,0,0
810,0.968754799297412,0.0008786836385815596,0.030366517064006397,1,0,0
811,0.5471247495936203,0.15236560015814277,0.3005096502482369,0,1,0
812,0.026820750370678714,0.8189275421682956,0.1542517074610258,0,0,1
813,0.0030685582444744805,0.9410027812183703,0.055928660537155346,0,1,0
814,0.0003945382541454931,0.9791485239174471,0.020456937828407417,0,1,0
815,0.5134026029167018,0.17480036385817144,0.31179703322512675,1,0,0
816,0.7384908105663939,0.05388494761776396,0.20762424181584213,1,0,0
817,0.00504671494938102,0.9238835361601287,0.07106974889049023,0,1,0
818,0.002296716265188379,0.949109184051717,0.04859409968309467,0,1,0
819,0.0013263641545775825,0.9615048052965988,0.037168830548823646,0,1,0
820,0.5227720230793635,0.16840654546028114,0.30882143146035534,0,0,1
821,0.162003901904755,0.5323421861426156,0.3056539119526293,0,1,0
822,0.9723857191229529,0.0006882746183428931,0.026926006258704203,1,0,0
823,0.004053170076937772,0.9319774849817122,0.06396934494135016,0,1,0
824,0.0009458878103118137,0.9675670509377672,0.031487061251920974,0,1,0
825,0.9763645941857865,0.0005058022952382041,0.023129603518975243,1,0,0
826,0.3750044203747839,0.2848336922195468,0.3401618874056694,0,1,0
827,0.9373851218245312,0.003447491191013322,0.05916738698445544,1,0,0
828,0.0720213785402687,0.6951015997629922,0.232877021696739,1,0,0
829,0.0063543457932512155,0.9143125335217513,0.07933312068499755,0,1,0
830,0.5590417080646384,0.1448154184166582,0.29614287351870355,1,0,0
831,0.07994320755233508,0.6777823079585669,0.24227448448909808,0,1,0
832,0.8093894474565171,0.029575880849481984,0.16103467169400099,1,0,0
833,0.035927036973018654,0.7888541125827957,0.17521885044418567,0,1,0
834,0.005427164771999374,0.9209884974214546,0.07358433780654607,0,1,0
835,0.2637634568283822,0.39871015024307366,0.3375263929285441,0,0,1
836,0.9439041408356939,0.0027799801660767305,0.05331587899822938,1,0,0
837,0.002880823047384698,0.9428745135060351,0.05424466344658002,0,1,0
838,0.002061784596955857,0.9518305384211231,0.04610767698192094,0,1,0
839,0.008919590691818476,0.8979339322505684,0.09314647705761321,0,1,0
840,0.8966366350242535,0.009140193647818796,0.09422317132792762,1,0,0
841,0.0012593790373045452,0.9625037061900802,0.0362369147726154,0,0,1
842,0.0007215346650575557,0.9717190038033982,0.027559461531544288,0,1,0
843,0.9591774838997311,0.0014889627398420396,0.039333553360426834,1,0,0
844,0.8039412494808348,0.031205292195660678,0.16485345832350456,1,0,0
845,0.679890319788906,0.07895822290317095,0.2411514573079231,1,0,0
846,0.9316767023960614,0.004088232138407391,0.06423506546553126,1,0,0
847,0.0015403965282675461,0.9584672751144467,0.039992328357285764,0,1,0
848,0.8434313378626633,0.020318107935071678,0.13625055420226495,1,0,0
849,0.005648488330737316,0.9193486193496376,0.07500289231962501,0,1,0
850,0.8413247044684239,0.020844273126698978,0.1378310224048771,1,0,0
851,0.780891640689947,0.038542317432732405,0.18056604187732053,0,0,1
852,0.08950034123775705,0.6579335167626913,0.2525661419995515,0,1,0
853,0.9346286627341115,0.0037503719411965944,0.06162096532469176,1,0,0
854,0.8354653391447605,0.02234044680115774,0.14219421405408178,1,0,0
855,0.8202819640374985,0.026439623486108475,0.15327841247639304,1,0,0
856,0.020720408437014726,0.8418183888642325,0.1374612026987527,0,1,0
857,0.5634516682053253,0.14207067931978745,0.2944776524748871,0,1,0
858,0.23396230859760797,0.4342752226362924,0.33176246876609955,0,0,1
859,0.6866886306852027,0.07582090220551042,0.23749046710928684,1,0,0
860,0.9782412412130104,0.00042930879606921,0.021329449990920398,1,0,0
861,0.000931198956571454,0.9678230477276459,0.031245753315782544,0,1,0
862,0.28482558910640676,0.3750133239863607,0.34016108690723246,0,0,1
863,0.9418887610623473,0.0029789850365627354,0.05513225390109005,1,0,0
864,0.002557958624793786,0.9462363366283266,0.0512057047468797,0,1,0
865,0.9372605693132051,0.0034609135925249635,0.059278517094269984,1,0,0
866,0.4751441345882974,0.2022266635070511,0.3226292019046515,1,0,0
867,0.7906384436338955,0.03535262079152727,0.17400893557457714,1,0,0
868,0.38882247287860683,0.2724305819892511,0.33874694513214204,1,0,0
869,0.9035481566452206,0.007994213372431811,0.08845762998234748,1,0,0
870,0.9755619887536443,0.0005403943032291827,0.023897616943126622,1,0,0
871,0.8644993253184727,0.015401748615104191,0.12009892606642315,1,0,0
872,0.5817674870134422,0.13095313481554358,0.2872793781710143,0,0,1
873,0.0011929663538108367,0.9635199128542394,0.035287120791949754,0,1,0
874,0.22600801326605727,0.4442094829830052,0.32978250375093754,0,1,0
875,0.9302052687916551,0.004261832729199657,0.06553289847914515,1,0,0
876,0.0015136952427629168,0.9588345116956937,0.0396517930615434,0,1,0
877,0.9124454659839427,0.006626018868836189,0.0809285151472211,1,0,0
878,0.974138444081348,0.0006045065152003082,0.025257049403451793,1,0,0
879,0.11571312552225269,0.60817899539632,0.2761078790814273,0,1,0
880,0.00040913676684445853,0.9787629958132416,0.020827867419913933,0,1,0
881,0.8751564703589079,0.013157378861714376,0.11168615077937774,1,0,0
882,0.9740092763239044,0.0006104980828071553,0.02538022559328844,1,0,0
883,0.9405361574015257,0.003116246031961381,0.056347596566512774,1,0,0
884,0.21974043478880692,0.45217819118061564,0.3280813740305774,0,1,0
885,0.8614219947488018,0.016080365822427195,0.12249763942877098,1,0,0
886,0.0022942134764853024,0.9491374480025533,0.048568338520961415,0,1,0
887,0.12242287329473751,0.596351852053348,0.28122527465191455,0,1,0
888,0.0027583516638332527,0.944127298027776,0.0531143503083909,0,1,0
889,0.0038263827379051065,0.9339538070632895,0.06221981019880546,0,1,0
890,0.44248848896337667,0.22737475040032543,0.330136760636298,0,0,1
891,0.001080792090300648,0.9653010245420762,0.033618183367623115,0,1,0
892,0.9589752510620219,0.0015035222981799347,0.03952122663979823,0,0,1
893,0.3334995942297268,0.32424202790815976,0.3422583778621135,1,0,0
894,0.08092764515595911,0.6756876787850873,0.24338467605895356,0,1,0
895,0.5563786014529816,0.14648577749853006,0.29713562104848834,0,0,1
896,0.00041184229444594494,0.9786922935638592,0.020895864141694864,0,1,0
897,0.00037052499991744686,0.9797982805155259,0.019831194484556718,0,1,0
898,0.18673628113461552,0.4963836818810707,0.3168800369843137,1,0,0
899,0.944259097428041,0.0027456157514274483,0.052995286820531694,1,0,0
900,0.9045451151124403,0.007834886210494937,0.08761999867706458,1,0,0
901,0.27973841202745797,0.3806347243273581,0.3396268636451839,0,1,0
902,0.6663126452222994,0.08540346222945419,0.24828389254824643,1,0,0
903,0.9305834782584361,0.004216882407642684,0.06519963933392117,1,0,0
904,0.24955407037490943,0.4153543637289281,0.3350915658961624,0,0,1
905,0.01174168388160582,0.8823206978381863,0.10593761828020778,0,1,0
906,0.9772818064320593,0.00046764683685988337,0.022250546731080748,1,0,0
907,0.9628469365755226,0.0012367520647967188,0.035916311359680535,1,0,0
908,0.9811559885394339,0.00032274515754502427,0.01852126630302104,1,0,0
909,0.3837891891126242,0.27690875491639727,0.3393020559709786,0,0,1
910,0.0005024389702226677,0.9764440477997135,0.02305351323006369,0,1,0
911,0.000779228742811291,0.9705972025954052,0.028623568661783488,0,1,0
912,0.9372936246854631,0.0034573489454139826,0.05924902636912307,0,0,1
913,0.0930420177430041,0.6508358676560315,0.25612211460096446,0,1,0
914,0.05674118289718448,0.7312500048553672,0.21200881224744836,0,0,1
915,0.954091309780726,0.0018759367395450536,0.044032753479728876,1,0,0
916,0.9629430606552305,0.0012304509810965297,0.035826488363673026,1,0,0
917,0.0016876736796063811,0.9564948955782181,0.04181743074217565,0,1,0
918,0.9647507087340678,0.0011148752866386882,0.034134415979293536,1,0,0
919,0.9721141923802615,0.0007017274145864975,0.02718408020515194,1,0,0
920,0.8407266447458862,0.020994783490828704,0.13827857176328498,1,0,0
921,0.28461495845971246,0.37524481855073394,0.34014022298955365,0,1,0
922,0.4167052713465555,0.24842129872860655,0.3348734299248379,0,0,1
923,0.8684525311140344,0.014550007930152828,0.1169974609558128,1,0,0
924,0.977293668737354,0.00046716299894548007,0.022239168263700537,1,0,0
925,0.9447519212637311,0.0026982448269717014,0.052549833909297246,1,0,0
926,0.7459647958932293,0.051008647386066405,0.20302655672070433,1,0,0
927,0.11740347596685036,0.6051684556372819,0.27742806839586764,0,1,0
928,0.011964743548905967,0.8811661033729056,0.10686915307818844,0,1,0
929,0.18220026952376167,0.5027813653325258,0.31501836514371256,0,1,0
930,0.9425635277238814,0.0029116206782086596,0.05452485159790987,1,0,0
931,0.9264201420119621,0.00472419467138439,0.06885566331665356,1,0,0
932,0.00048451166671775536,0.9768720310853671,0.022643457247915316,0,1,0
933,0.0008185549510953797,0.9698556863094605,0.029325758739444166,0,1,0
934,0.2953844341969005,0.3635447709659974,0.34107079483710206,0,0,1
935,0.0014131027477651402,0.9602470705793136,0.03833982667292128,0,1,0
936,0.7811751368258831,0.03844774775369721,0.18037711542041948,1,0,0
937,0.9684525854739812,0.000895553964901655,0.030651860561117267,1,0,0
938,0.23170687727260897,0.43707216089074974,0.3312209618366413,0,0,1
939,0.09354882900754989,0.6498308126058834,0.25662035838656677,0,0,1
940,0.0023959070999149145,0.9480007320511803,0.04960336084890487,0,1,0
941,0.521404943409664,0.1693316923649816,0.30926336422535444,1,0,0
942,0.37747387635353025,0.2825918051237917,0.3399343185226781,0,1,0
943,0.4193627998875338,0.24620175353461923,0.334435446577847,0,0,1
944,0.2624655930043807,0.40020772063078197,0.33732668636483737,0,1,0
945,0.1630746247671568,0.5307282681333786,0.3061971070994647,0,1,0
946,0.001018783152261857,0.9663243793850427,0.03265683746269561,0,1,0
947,0.8616841328041387,0.016022028509935355,0.1222938386859259,1,0,0
948,0.0008355217660848278,0.969541154307456,0.029623323926459173,0,1,0
949,0.007330362660222713,0.9077669020699495,0.08490273526982768,0,1,0
950,0.9643151498133599,0.0011422162935149963,0.03454263389312517,1,0,0
951,0.3604044338693717,0.29831858467354316,0.3412769814570852,0,0,1
952,0.0007547160065496577,0.9710686873560822,0.02817659663736805,0,0,1
953,0.0024057704349255554,0.9478917291161925,0.04970250044888199,0,0,1
954,0.9644740991149516,0.0011322013248705005,0.03439369956017782,1,0,0
955,0.0012547095073320198,0.9625742915571874,0.03617099893548063,0,1,0
956,0.8980433750775646,0.00890109612018331,0.09305552880225214,1,0,0
957,0.00414260989802521,0.9312126444942669,0.0646447456077079,0,0,1
958,0.0015218225422101237,0.9587224025021106,0.039755774955679404,0,1,0
959,0.2219994956285362,0.44929134848174057,0.3287091558897232,0,0,1
960,0.9626226790095451,0.0012515133385774448,0.03612580765187739,1,0,0
961,0.9668838340476413,0.0009856389131216085,0.032130527039237015,1,0,0
962,0.6853178686860396,0.07644866710333018,0.23823346421063027,1,0,0
963,0.00537941282360937,0.9213464521991799,0.07327413497721082,0,1,0
964,0.004630481686621105,0.9271725380599516,0.0681969802534272,0,1,0
965,0.9783830203140792,0.0004237801295928094,0.02119319955632791,1,0,0
966,0.03657486331967192,0.786857472428188,0.1765676642521401,0,1,0
967,0.005214023022691448,0.9225980584228312,0.07218791855447741,0,1,0
968,0.48722207769986553,0.1933361156438225,0.319441806656312,1,0,0
969,0.005032471322145189,0.9239939038299878,0.07097362484786704,0,1,0
970,0.3451198310902923,0.31287016348200514,0.34201000542770243,1,0,0
971,0.9760938653663599,0.0005173451112061814,0.023388789522434006,1,0,0
972,0.7578628687432405,0.046580991141939164,0.19555614011482034,1,0,0
973,0.958964491032236,0.001504298881591663,0.03953121008617229,1,0,0
974,0.06338723010609057,0.7150305251271275,0.22158224476678193,0,1,0
975,0.4943626967355131,0.18818157217986783,0.31745573108461905,1,0,0
976,0.0004673282888540282,0.9772896156288948,0.0222430560822513,0,1,0
977,0.4169179679757963,0.2482432241445205,0.33483880787968323,0,1,0
978,0.6156863904871676,0.11155002413293606,0.27276358537989637,1,0,0
979,0.2671124720957095,0.3948663421131129,0.33802118579117757,0,1,0
980,0.9574428237650495,0.001616078867614629,0.04094109736733589,1,0,0
981,0.1767684286202461,0.5105549693152076,0.31267660206454634,0,1,0
982,0.9194126203358176,0.005639771807597668,0.07494760785658486,1,0,0
983,0.920233993588213,0.0055284734862376325,0.07423753292554924,1,0,0
984,0.9681617130999641,0.0009119390444775503,0.03092634785555838,1,0,0
985,0.9636706911459102,0.0011832615930624335,0.03514604726102724,1,0,0
986,0.9129894628964258,0.006546307366398821,0.08046422973717547,0,0,1
987,0.8537562797229975,0.01782980860201455,0.12841391167498797,1,0,0
988,0.00034983167622037965,0.9803750316667275,0.019275136657052175,0,1,0
989,0.7616907972569139,0.045196118110780004,0.19311308463230617,0,1,0
990,0.0032443716165938778,0.9392991452680156,0.0574564831153907,0,1,0
991,0.7778005045491567,0.03958042648914789,0.18261906896169525,1,0,0
992,0.006273177242190418,0.914877662852523,0.07884915990528663,0,1,0
993,0.8650632081603493,0.015278877738143265,0.1196579141015074,1,0,0
994,0.79286246616308,0.034642645070902416,0.17249488876601776,1,0,0
995,0.954446732322134,0.0018474913892147417,0.0437057762886512,1,0,0
996,0.007387537826014113,0.9073966431904562,0.08521581898352971,0,1,0
997,0.0026439569311311386,0.9453218509852205,0.05203419208364837,0,1,0
998,0.8545982230253543,0.017633563961008458,0.12776821301363733,1,0,0
999,0.04883036902203338,0.7517558408205908,0.1994137901573758,0,0,1
